ID,Genero,Grado,Pregunta_1,Pregunta_2,Pregunta_3,Pregunta_4,Pregunta_5,Pregunta_6,Pregunta_7,Pregunta_8,Pregunta_9,Pregunta_10,Pregunta_11,Pregunta_12,Pregunta_13,Pregunta_14,Pregunta_15,Pregunta_16,Pregunta_17,Pregunta_18,Pregunta_19,Pregunta_20,Pregunta_21,Pregunta_22,Pregunta_23,Pregunta_24,Pregunta_25,Pregunta_26,Pregunta_27,Pregunta_28,Pregunta_29,Pregunta_30,Pregunta_31,Pregunta_32,Pregunta_33,Pregunta_34,Pregunta_35,Pregunta_36,Pregunta_37,Pregunta_38,Pregunta_39,Pregunta_40,Pregunta_41,Pregunta_42,Pregunta_43,Pregunta_44,Pregunta_45,Pregunta_46,Pregunta_47,Pregunta_48,Pregunta_49,Pregunta_50,Pregunta_51,Pregunta_52,Pregunta_53,Pregunta_54,Pregunta_55,Pregunta_56,Pregunta_57,Pregunta_58,Pregunta_59,Pregunta_60,Pregunta_61,Pregunta_62,Pregunta_63,Pregunta_64,Pregunta_65,Pregunta_66,Pregunta_67,Pregunta_68,Pregunta_69,Pregunta_70,Pregunta_71,Pregunta_72,Pregunta_73,Pregunta_74,Pregunta_75,Pregunta_76,Pregunta_77,Pregunta_78,Pregunta_79,Pregunta_80,Pregunta_81,Pregunta_82,Pregunta_83,Pregunta_84,Pregunta_85,Pregunta_86,Pregunta_87,Pregunta_88,Pregunta_89,Pregunta_90,Pregunta_91,Pregunta_92,Pregunta_93,Pregunta_94,Pregunta_95,Pregunta_96,Pregunta_97,Pregunta_98,Pregunta_99,Pregunta_100,Pregunta_101,Pregunta_102,Pregunta_103,Pregunta_104,Pregunta_105,Pregunta_106,Pregunta_107,Pregunta_108,Pregunta_109,Pregunta_110,Pregunta_111,Pregunta_112,Pregunta_113,Pregunta_114,Pregunta_115,Pregunta_116,Pregunta_117,Pregunta_118,Pregunta_119,Pregunta_120,Pregunta_121,Pregunta_122,Pregunta_123,Pregunta_124,Pregunta_125,Pregunta_126,Pregunta_127,Pregunta_128,Pregunta_129,Pregunta_130,Pregunta_131,Pregunta_132,Pregunta_133,Pregunta_134,Pregunta_135,Pregunta_136,Pregunta_137,Pregunta_138,Pregunta_139,Pregunta_140,Pregunta_141,Pregunta_142,Pregunta_143,total_ninguno,total_opcion_A,total_opcion_B,total_ambos,porc_ninguno,porc_opcion_A,porc_opcion_B,porc_ambos,respuestas_validas,tasa_completitud,genero_etiqueta,puntaje_CCFM,porc_CCFM,puntaje_CCSS,porc_CCSS,puntaje_CCNA,porc_CCNA,puntaje_CCCO,porc_CCCO,puntaje_ARTE,porc_ARTE,puntaje_BURO,porc_BURO,puntaje_CCEP,porc_CCEP,puntaje_HAA,porc_HAA,puntaje_FINA,porc_FINA,puntaje_LING,porc_LING,puntaje_JURI,porc_JURI,area_dominante,puntaje_dominante,area_dominante_nombre
105,0,4,2,1,1,2,1,2,0,0,2,1,1,2,2,2,2,1,2,1,2,0,2,1,1,2,2,0,1.0,1,1,2,2,2,2,2,2,1,0,2,2,1,1,2,2,2,1,1,1,2,1,2.0,1,1,2,2,2,2,2,2,2,2,2,2,2,2,2,2,2,1,2,1,2,2,2,2,2,2,2,0,1,2,1,1,1,1,2,2,1,1,2,2,2,2,1,1,1,2,1,1,1,1,1,1,2,2,1,2,0,1,1,1,1,1,2,1,1,2,2,2,2,2,2,2,2,2,2,2,2,1,1,1,1,2,1,1,2,2,2,2,2,1,1,2,2,7,55,81,0,4.9,38.46,56.64,0.0,136,95.1,Femenino,17.0,51.52,18,54.55,13,39.39,18,54.55,17,51.52,18,54.55,15,45.45,17,51.52,19,57.58,14,42.42,15.0,45.45,FINA,19.0,Finanzas
106,0,4,2,1,1,1,1,1,2,1,2,1,1,2,1,2,1,2,2,1,2,3,1,1,2,2,1,2,1.0,1,1,2,2,2,2,2,2,2,1,2,2,1,2,2,1,1,1,1,1,1,2,1.0,1,1,2,1,1,2,1,2,2,2,2,1,2,2,2,2,2,1,1,2,1,2,2,2,2,1,1,2,1,2,1,2,1,1,1,1,1,1,2,2,1,1,1,2,1,1,2,1,2,1,2,1,2,2,2,0,1,1,2,1,2,1,1,1,2,1,1,1,2,1,2,1,2,1,2,2,2,1,1,2,2,2,2,2,2,2,1,1,2,1,2,2,2,1,70,71,1,0.7,48.95,49.65,0.7,142,99.3,Femenino,17.0,51.52,15,45.45,15,45.45,17,51.52,15,45.45,17,51.52,18,54.55,16,48.48,17,51.52,17,51.52,16.0,48.48,CCEP,18.0,Ciencias Económico-Políticas
107,1,4,2,2,1,1,1,1,1,2,1,1,0,0,0,0,0,1,2,0,0,2,1,2,1,2,0,1,2.0,1,1,2,3,2,1,1,2,2,0,1,0,2,1,1,1,2,1,1,1,2,1,1.0,2,1,2,1,2,2,1,2,2,2,1,2,1,1,1,2,1,1,2,2,1,2,1,2,1,2,1,1,2,1,2,1,1,2,2,1,2,1,2,1,2,2,1,1,2,2,1,1,2,1,2,1,2,1,1,2,2,1,1,2,2,1,2,1,2,1,2,2,1,1,2,2,1,1,2,1,2,1,2,1,1,2,2,1,1,2,2,1,2,1,2,1,2,10,70,62,1,6.99,48.95,43.36,0.7,133,93.01,Masculino,18.0,54.55,13,39.39,15,45.45,17,51.52,16,48.48,15,45.45,17,51.52,15,45.45,18,54.55,15,45.45,14.0,42.42,CCFM,18.0,Ciencias Físico-Matemáticas
108,1,4,2,1,1,2,2,2,1,1,2,1,2,2,1,1,1,2,1,2,2,1,1,2,2,1,2,0,2.0,1,2,1,1,2,2,1,1,1,2,2,1,2,1,2,2,1,1,1,1,2,1,2.0,2,1,2,0,1,2,1,2,2,1,2,1,1,2,1,2,2,2,1,1,2,2,1,1,2,2,1,1,1,2,1,2,1,1,1,2,0,1,2,2,1,2,1,1,2,1,2,2,1,1,2,1,2,2,2,0,1,2,2,1,2,1,2,2,1,2,2,1,2,1,2,2,2,1,1,2,1,2,2,1,1,2,2,2,1,2,2,0,1,2,2,1,2,5,65,73,0,3.5,45.45,51.05,0.0,138,96.5,Masculino,18.0,54.55,13,39.39,16,48.48,19,57.58,15,45.45,19,57.58,17,51.52,11,33.33,16,48.48,16,48.48,18.0,54.55,CCCO,19.0,Ciencias de la Comunicación
109,1,4,2,1,1,1,1,2,2,1,1,1,0,0,2,1,0,1,2,1,1,1,1,2,2,2,2,1,2.0,1,1,2,1,2,1,1,2,2,1,1,1,1,1,2,1,2,2,1,1,1,2,1.0,2,1,2,1,1,1,2,2,1,1,2,2,2,1,1,1,2,2,2,2,2,1,1,2,2,2,2,2,2,1,1,1,2,2,2,2,2,2,1,1,1,1,2,1,2,1,2,2,2,1,2,1,1,2,1,2,2,2,2,0,2,2,0,2,2,2,1,2,0,2,2,2,2,2,2,2,2,2,2,2,2,2,2,2,2,2,1,1,2,1,1,1,1,6,60,77,0,4.2,41.96,53.85,0.0,137,95.8,Masculino,17.0,51.52,13,39.39,16,48.48,18,54.55,18,54.55,19,57.58,16,48.48,15,45.45,17,51.52,20,60.61,15.0,45.45,LING,20.0,Lingüística
110,1,4,1,1,2,1,2,2,2,1,2,1,3,1,2,1,1,1,2,1,2,2,2,1,2,1,1,2,2.0,0,1,2,2,1,2,1,1,1,2,1,1,0,1,1,1,1,2,1,2,1,2,2.0,2,1,1,1,2,2,1,1,1,2,1,1,1,1,2,2,2,1,1,1,1,2,1,2,1,1,1,2,1,1,1,1,2,2,1,2,1,1,2,2,1,1,1,2,1,1,2,2,1,2,1,2,2,1,1,2,1,1,2,2,1,1,2,2,1,1,1,2,1,2,1,1,2,2,1,2,2,1,2,1,2,1,2,1,2,2,1,1,1,2,1,1,1,2,81,59,1,1.4,56.64,41.26,0.7,141,98.6,Masculino,14.0,42.42,12,36.36,16,48.48,14,42.42,16,48.48,19,57.58,17,51.52,15,45.45,16,48.48,16,48.48,17.0,51.52,BURO,19.0,Burocracia/Administrativo
111,0,4,3,1,1,1,0,0,2,0,1,3,0,1,2,3,3,2,3,2,2,2,2,2,1,2,2,2,2.0,1,2,3,2,1,0,2,0,3,2,2,1,3,2,3,3,3,3,2,2,2,3,2.0,2,1,2,2,2,2,3,3,2,2,2,3,2,1,1,3,3,3,0,1,2,2,2,0,1,0,2,1,0,1,1,2,1,0,2,2,3,2,2,3,0,0,3,2,1,1,1,2,0,0,2,2,1,0,2,1,2,1,1,3,1,0,0,1,2,2,2,1,2,2,3,3,2,2,2,2,2,2,0,1,1,2,2,3,2,1,0,1,0,1,1,2,2,21,34,62,26,14.69,23.78,43.36,18.18,122,85.31,Femenino,20.0,60.61,21,63.64,22,66.67,22,66.67,19,57.58,18,54.55,17,51.52,15,45.45,12,36.36,22,66.67,17.0,51.52,CCNA,22.0,Ciencias Naturales
112,1,4,2,1,1,1,1,2,2,1,1,1,1,2,1,1,1,1,2,2,2,1,2,1,2,1,2,1,1.0,2,1,1,2,2,1,1,2,1,1,2,1,0,2,1,2,1,2,1,1,2,1,2.0,1,2,2,2,1,1,2,1,1,2,1,2,2,2,2,2,2,2,2,1,2,2,2,2,2,2,2,1,2,2,2,1,1,2,1,2,2,2,2,1,1,1,1,2,2,2,2,2,2,2,1,1,2,2,1,1,2,2,1,1,1,2,1,1,2,2,2,1,1,1,2,2,1,1,2,0,1,2,1,1,1,2,1,2,2,2,1,1,2,0,2,2,2,3,65,75,0,2.1,45.45,52.45,0.0,140,97.9,Masculino,14.0,42.42,17,51.52,15,45.45,18,54.55,17,51.52,19,57.58,14,42.42,18,54.55,16,48.48,14,42.42,18.0,54.55,BURO,19.0,Burocracia/Administrativo
113,1,4,2,1,1,2,1,1,1,2,2,1,1,2,1,1,2,1,2,1,1,1,1,2,2,1,2,1,1.0,1,2,2,2,2,2,2,2,2,2,2,1,1,1,1,1,1,1,1,1,2,1,2.0,2,1,1,1,2,1,1,1,2,2,1,2,2,1,1,1,2,1,1,1,1,1,1,1,1,1,1,1,2,2,2,1,1,1,1,2,2,2,2,1,2,2,2,1,2,2,1,2,2,2,1,1,1,1,2,1,2,2,1,2,2,1,2,1,1,2,2,1,1,1,1,2,2,1,2,1,1,1,1,1,2,1,1,2,1,1,2,2,2,2,2,2,1,0,80,63,0,0.0,55.94,44.06,0.0,143,100.0,Masculino,16.0,48.48,15,45.45,15,45.45,17,51.52,14,42.42,14,42.42,16,48.48,18,54.55,19,57.58,16,48.48,16.0,48.48,FINA,19.0,Finanzas
114,0,4,2,1,1,2,1,2,2,1,1,1,1,2,2,2,2,2,2,2,1,2,1,1,1,1,2,2,1.0,1,2,2,2,1,1,1,1,2,2,2,2,1,1,2,1,2,2,2,1,2,1,2.0,1,1,1,2,1,1,1,2,1,2,2,2,1,1,1,1,2,2,2,1,1,2,1,2,2,1,1,1,2,2,1,1,1,1,2,2,2,1,1,1,1,2,1,2,1,2,2,1,1,1,2,2,2,2,1,2,1,1,1,2,2,1,2,1,1,1,1,1,2,2,1,1,1,1,2,1,1,1,1,2,2,1,2,2,1,1,1,1,1,2,2,2,2,0,77,66,0,0.0,53.85,46.15,0.0,143,100.0,Femenino,16.0,48.48,17,51.52,18,54.55,16,48.48,15,45.45,16,48.48,17,51.52,14,42.42,16,48.48,16,48.48,15.0,45.45,CCNA,18.0,Ciencias Naturales
117,0,5,2,1,3,3,3,3,3,3,3,3,1,2,2,3,3,3,3,3,3,1,3,3,3,3,2,3,3.0,3,3,3,3,3,3,3,3,3,3,3,3,3,3,2,3,3,3,3,3,3,3,3.0,3,3,3,3,3,3,3,3,3,3,1,3,1,1,3,1,0,0,3,3,1,1,3,3,3,3,3,2,2,3,3,3,1,3,3,1,1,2,3,2,3,3,2,3,3,3,1,3,3,2,2,3,3,3,3,1,3,3,3,1,1,1,3,3,1,2,2,1,1,1,3,3,3,3,3,3,3,1,2,2,2,2,3,3,3,3,3,3,2,2,3,2,2,2,22,22,97,1.4,15.38,15.38,67.83,141,98.6,Femenino,26.0,78.79,22,66.67,27,81.82,33,100.0,31,93.94,27,81.82,27,81.82,29,87.88,27,81.82,30,90.91,25.0,75.76,CCCO,33.0,Ciencias de la Comunicación
118,1,5,2,1,1,1,2,1,2,2,1,1,1,2,1,1,1,1,1,2,3,2,1,2,1,2,1,2,1.0,2,1,2,1,2,1,2,1,2,1,2,1,2,1,2,1,2,1,2,1,2,1,2.0,1,2,1,2,1,2,1,2,1,2,1,2,1,2,1,2,2,1,1,2,1,2,1,2,1,2,1,2,1,2,2,1,1,2,1,2,1,2,1,2,1,1,1,2,2,2,1,1,1,2,1,2,1,2,1,1,2,1,2,1,2,1,2,1,2,3,3,2,1,2,1,2,1,2,1,2,2,1,1,2,1,3,3,3,3,2,1,3,2,1,1,2,2,0,71,64,8,0.0,49.65,44.76,5.59,143,100.0,Masculino,15.0,45.45,17,51.52,18,54.55,16,48.48,20,60.61,17,51.52,17,51.52,17,51.52,18,54.55,15,45.45,16.0,48.48,ARTE,20.0,Artes
119,1,4,2,1,2,2,1,1,2,3,1,1,1,3,1,1,1,1,2,2,1,2,2,2,1,1,1,2,1.0,1,2,2,1,2,1,1,1,2,3,1,0,1,3,2,2,2,1,2,2,1,1,3.0,1,1,0,2,0,2,2,1,3,2,2,1,3,0,0,1,2,2,0,3,2,0,1,2,3,1,0,3,2,1,3,3,3,1,1,1,2,2,0,1,2,2,3,2,2,2,2,2,1,2,2,2,2,1,3,2,1,2,2,2,3,2,2,1,3,1,2,2,2,0,1,2,2,1,1,1,2,1,2,2,1,3,2,2,1,1,2,2,2,1,1,1,3,10,53,61,19,6.99,37.06,42.66,13.29,133,93.01,Masculino,16.0,48.48,21,63.64,17,51.52,20,60.61,21,63.64,16,48.48,19,57.58,18,54.55,18,54.55,17,51.52,19.0,57.58,CCSS,21.0,Ciencias Sociales
120,1,4,1,2,1,3,2,1,1,1,1,1,1,1,3,2,2,1,1,2,1,1,2,1,1,1,2,3,1.0,2,1,2,1,1,2,1,2,1,2,3,1,2,1,2,1,1,2,1,1,2,1,1.0,2,2,2,2,1,2,1,1,2,2,1,2,2,2,1,1,2,2,1,1,2,2,2,2,1,1,2,1,2,1,2,2,2,1,2,2,2,2,1,1,1,1,1,1,2,1,1,1,1,1,1,2,1,2,2,1,1,1,2,2,2,1,1,2,1,2,1,1,2,2,2,2,1,1,2,1,2,1,1,2,1,2,2,1,1,1,1,2,2,2,1,2,1,0,76,63,4,0.0,53.15,44.06,2.8,143,100.0,Masculino,16.0,48.48,18,54.55,16,48.48,18,54.55,16,48.48,14,42.42,16,48.48,17,51.52,16,48.48,16,48.48,14.0,42.42,CCSS,18.0,Ciencias Sociales
121,0,4,2,2,1,2,1,1,2,2,1,1,1,2,2,2,2,2,2,1,1,1,1,1,2,1,2,2,2.0,1,2,2,1,2,2,2,1,2,1,1,2,1,2,3,2,1,2,1,2,1,2,1.0,1,2,2,2,2,1,1,2,2,1,2,2,2,1,1,2,1,1,1,2,1,2,2,1,2,2,2,2,2,2,2,2,1,2,2,2,1,2,1,2,2,2,1,2,2,2,2,2,2,2,2,2,2,3,3,2,2,2,2,2,2,1,1,2,2,1,2,2,1,1,1,3,2,3,1,2,2,2,2,1,2,2,2,1,2,1,2,2,2,2,1,1,2,0,49,89,5,0.0,34.27,62.24,3.5,143,100.0,Femenino,22.0,66.67,18,54.55,20,60.61,18,54.55,17,51.52,18,54.55,21,63.64,18,54.55,15,45.45,21,63.64,16.0,48.48,CCFM,22.0,Ciencias Físico-Matemáticas
123,0,4,1,1,1,2,2,1,1,0,2,1,2,3,1,2,1,2,2,2,2,3,1,1,1,2,0,0,1.0,1,1,1,2,1,3,1,1,2,1,2,2,2,1,2,1,1,1,1,2,1,2,3.0,2,2,2,2,2,1,1,1,2,1,1,3,2,3,1,1,2,1,2,2,2,1,2,2,1,1,3,2,2,1,1,2,1,2,1,2,1,1,1,1,1,1,2,1,1,2,1,2,1,2,2,2,2,1,1,1,2,2,3,2,1,2,1,1,1,2,3,1,2,1,1,2,1,2,1,2,2,2,3,1,2,2,2,2,1,2,1,1,1,1,1,1,1,3,71,59,10,2.1,49.65,41.26,6.99,140,97.9,Femenino,16.0,48.48,16,48.48,16,48.48,17,51.52,19,57.58,16,48.48,18,54.55,14,42.42,15,45.45,17,51.52,18.0,54.55,ARTE,19.0,Artes
125,0,4,2,1,1,1,2,2,1,1,1,2,1,2,1,1,1,1,2,2,2,1,0,1,2,0,2,0,2.0,0,1,1,1,1,1,0,1,2,2,2,2,1,2,1,0,1,1,0,1,1,2,1.0,2,1,2,2,2,1,0,1,1,0,0,1,1,1,1,2,1,1,1,1,2,0,1,2,0,2,0,2,2,1,2,0,1,2,1,2,1,2,1,2,2,1,2,2,1,1,1,2,2,2,2,2,2,0,0,1,2,2,0,2,0,2,0,1,2,0,2,1,0,1,2,2,1,2,0,1,2,1,2,2,1,0,2,1,1,2,2,0,1,2,1,2,1,24,61,58,0,16.78,42.66,40.56,0.0,119,83.22,Femenino,15.0,45.45,11,33.33,16,48.48,12,36.36,12,36.36,17,51.52,11,33.33,9,27.27,11,33.33,18,54.55,14.0,42.42,LING,18.0,Lingüística
126,0,4,3,1,1,2,1,1,1,2,2,2,2,2,1,1,2,1,1,1,1,1,2,2,1,2,2,2,2.0,1,1,2,2,1,1,2,2,1,2,2,1,1,2,1,1,2,2,2,1,2,2,1.0,1,1,1,2,1,2,2,2,2,1,1,1,2,1,2,2,2,2,1,1,1,2,1,2,2,1,2,1,1,1,2,2,2,2,1,3,1,1,2,1,1,2,1,1,1,1,1,2,1,1,1,2,2,2,3,2,2,1,2,2,1,1,2,2,1,1,1,1,1,1,1,1,1,1,2,1,2,2,2,2,2,2,2,2,2,1,1,1,2,2,1,1,2,0,72,68,3,0.0,50.35,47.55,2.1,143,100.0,Femenino,19.0,57.58,17,51.52,15,45.45,16,48.48,17,51.52,15,45.45,15,45.45,17,51.52,18,54.55,17,51.52,18.0,54.55,CCFM,19.0,Ciencias Físico-Matemáticas
127,0,4,1,1,1,1,1,1,1,1,1,1,1,1,1,2,1,2,2,1,2,1,2,1,1,2,2,1,1.0,2,1,1,1,2,1,2,2,2,1,2,1,2,1,1,2,2,1,2,1,2,2,1.0,1,1,1,2,2,1,1,1,1,2,1,2,1,1,2,1,2,1,1,1,2,2,1,2,2,1,2,2,2,2,1,1,1,2,1,1,2,1,2,2,1,2,0,1,2,2,1,2,2,1,2,1,0,2,1,1,2,2,2,1,2,0,2,1,1,2,1,1,2,1,2,2,2,1,1,2,1,2,1,2,1,1,1,1,2,2,1,0,1,2,1,2,1,4,78,61,0,2.8,54.55,42.66,0.0,139,97.2,Femenino,15.0,45.45,15,45.45,14,42.42,16,48.48,16,48.48,17,51.52,15,45.45,13,39.39,17,51.52,17,51.52,14.0,42.42,BURO,17.0,Burocracia/Administrativo
129,1,4,2,1,1,1,1,2,1,2,0,0,0,2,1,0,0,2,2,1,0,1,2,2,1,2,2,2,1.0,1,2,2,1,2,2,1,1,1,2,2,1,2,0,0,0,2,1,2,2,1,1,1.0,1,2,2,2,2,2,0,1,0,1,1,1,2,1,2,1,2,1,2,1,2,2,1,2,1,2,3,1,1,2,1,1,1,1,2,2,2,2,1,2,1,1,2,2,2,1,1,1,2,1,2,2,2,2,2,1,2,1,1,1,1,1,1,2,2,2,2,1,1,2,1,2,2,2,1,1,1,1,2,2,1,2,1,2,2,1,1,1,2,2,1,2,2,11,64,67,1,7.69,44.76,46.85,0.7,132,92.31,Masculino,14.0,42.42,14,42.42,16,48.48,16,48.48,13,39.39,14,42.42,15,45.45,16,48.48,14,42.42,14,42.42,16.0,48.48,CCNA,16.0,Ciencias Naturales
135,0,4,0,0,0,0,0,0,0,0,0,0,0,2,0,2,2,0,0,1,0,0,2,0,0,0,2,0,0.0,0,1,0,0,0,0,0,0,0,0,2,0,0,1,0,2,0,1,0,0,0,1,0.0,2,0,1,0,2,0,2,0,0,1,0,0,1,0,1,2,2,0,1,0,0,1,2,0,0,0,1,0,0,1,0,2,2,0,2,0,0,0,1,2,1,0,0,1,0,1,2,0,0,0,0,2,2,0,2,0,0,2,2,2,0,2,1,2,0,2,0,0,0,1,0,0,0,0,1,0,0,2,0,2,2,0,2,0,2,0,2,0,0,2,0,2,1,87,21,35,0,60.84,14.69,24.48,0.0,56,39.16,Femenino,9.0,27.27,6,18.18,7,21.21,7,21.21,10,30.3,5,15.15,5,15.15,8,24.24,1,3.03,5,15.15,6.0,18.18,ARTE,10.0,Artes
137,0,4,0,0,1,1,0,1,1,0,1,0,0,2,1,2,2,0,1,0,0,0,0,2,2,0,2,0,2.0,1,2,2,2,0,0,2,2,1,0,2,1,2,2,1,1,0,0,0,0,2,1,1.0,2,1,2,2,1,0,1,2,2,2,2,2,2,1,0,1,2,1,0,1,2,2,1,0,1,0,2,1,1,1,1,2,0,0,1,0,1,1,3,0,0,0,1,1,0,0,0,0,0,0,0,0,1,1,2,1,1,0,2,0,0,0,0,1,0,2,0,2,2,1,2,1,2,2,0,2,2,2,1,1,1,0,1,1,0,1,0,0,2,1,0,2,0,53,46,43,1,37.06,32.17,30.07,0.7,90,62.94,Femenino,15.0,45.45,14,42.42,11,33.33,10,30.3,7,21.21,8,24.24,8,24.24,5,15.15,14,42.42,12,36.36,8.0,24.24,CCFM,15.0,Ciencias Físico-Matemáticas
138,0,4,2,1,2,2,1,1,2,2,1,1,1,2,2,1,1,2,2,2,2,2,2,2,1,2,2,2,2.0,2,1,1,1,2,2,1,2,1,2,2,2,2,2,1,2,1,2,2,2,1,2,2.0,2,2,2,2,2,2,1,2,2,2,2,2,2,1,1,1,2,2,2,1,2,2,2,2,1,2,2,2,1,1,1,2,1,2,2,1,2,2,1,2,2,2,2,2,1,1,2,2,2,2,1,2,2,2,2,1,2,1,1,2,2,2,2,1,2,2,2,2,2,2,2,1,2,2,2,2,2,2,2,1,1,2,2,2,1,2,2,2,2,1,2,1,2,0,42,101,0,0.0,29.37,70.63,0.0,143,100.0,Femenino,18.0,54.55,18,54.55,19,57.58,19,57.58,12,36.36,21,63.64,22,66.67,20,60.61,20,60.61,15,45.45,20.0,60.61,CCEP,22.0,Ciencias Económico-Políticas
139,0,4,2,1,2,0,2,1,1,2,0,1,1,2,1,1,2,0,2,1,1,2,2,2,0,1,2,1,2.0,1,1,2,2,1,2,2,2,1,2,1,2,1,1,2,2,2,1,1,2,1,1,2.0,1,1,1,2,1,2,2,2,1,2,2,1,2,2,1,1,2,2,0,1,1,1,2,2,1,2,2,1,1,1,2,1,2,1,2,2,1,1,1,2,1,1,1,1,2,2,2,2,1,1,2,2,2,1,2,1,1,2,2,1,1,2,1,2,2,2,1,2,2,2,2,1,1,2,1,2,1,2,2,2,1,1,2,1,1,1,2,2,1,2,2,2,2,5,65,73,0,3.5,45.45,51.05,0.0,138,96.5,Femenino,15.0,45.45,15,45.45,16,48.48,16,48.48,18,54.55,13,39.39,17,51.52,20,60.61,15,45.45,13,39.39,19.0,57.58,HAA,20.0,Humanidades y Arquitectura
141,1,4,2,1,2,1,1,1,2,1,2,1,1,2,1,2,1,2,1,1,2,2,1,2,1,2,2,2,2.0,1,2,1,2,2,2,2,2,1,2,2,2,1,1,1,2,2,2,2,1,2,1,1.0,2,1,2,1,2,1,1,2,2,1,2,1,1,1,2,2,1,1,1,1,2,2,1,1,1,2,2,1,1,1,1,2,2,1,2,2,3,2,2,1,2,1,1,1,2,2,2,2,2,2,1,2,2,1,1,2,2,1,2,1,1,1,2,1,2,1,2,1,1,1,2,2,2,2,1,2,1,2,2,2,1,2,2,1,1,2,1,1,2,2,0,2,2,1,65,76,1,0.7,45.45,53.15,0.7,142,99.3,Masculino,16.0,48.48,13,39.39,17,51.52,15,45.45,17,51.52,19,57.58,20,60.61,14,42.42,22,66.67,13,39.39,17.0,51.52,FINA,22.0,Finanzas
143,1,4,2,0,0,2,2,1,1,0,1,0,1,2,0,1,1,0,1,3,2,2,2,1,2,2,2,1,1.0,1,1,1,1,2,2,1,2,1,2,2,2,2,2,1,2,2,1,2,2,1,1,2.0,1,2,2,2,1,1,2,2,1,2,2,2,2,1,1,1,1,1,2,1,1,1,2,1,2,2,2,2,1,1,2,2,1,2,1,1,2,2,2,1,2,1,2,2,1,2,1,2,1,2,2,1,2,2,2,2,0,2,2,2,1,2,1,2,1,2,2,2,0,1,1,2,2,1,2,2,1,2,2,1,0,1,2,2,1,2,2,1,2,1,1,2,2,9,57,76,1,6.29,39.86,53.15,0.7,134,93.71,Masculino,15.0,45.45,13,39.39,11,33.33,17,51.52,19,57.58,18,54.55,16,48.48,16,48.48,17,51.52,16,48.48,18.0,54.55,ARTE,19.0,Artes
144,1,4,2,1,1,1,2,2,1,1,1,1,2,2,1,2,1,2,1,2,2,2,2,1,2,2,2,1,1.0,2,2,2,1,2,1,2,2,1,2,2,2,0,2,2,2,1,2,1,1,2,1,2.0,2,2,1,2,1,2,1,2,2,1,2,2,2,2,1,2,2,1,2,1,1,2,1,1,1,2,2,2,1,1,2,1,1,1,2,1,2,1,1,2,2,2,0,1,1,1,1,1,2,1,2,1,1,1,1,2,2,2,1,2,2,2,2,1,2,2,1,2,1,2,2,2,1,1,2,1,2,2,1,1,2,2,2,1,1,2,2,1,1,1,1,2,2,2,64,77,0,1.4,44.76,53.85,0.0,141,98.6,Masculino,16.0,48.48,16,48.48,18,54.55,17,51.52,14,42.42,18,54.55,17,51.52,16,48.48,16,48.48,15,45.45,19.0,57.58,JURI,19.0,Jurídico
145,0,4,1,3,0,0,0,0,1,0,0,2,3,2,3,2,2,0,2,2,2,1,2,2,3,2,2,0,0.0,1,0,1,0,0,0,0,0,3,2,2,2,2,1,0,2,2,2,1,0,0,3,0.0,2,1,0,0,1,2,0,0,2,3,2,3,2,1,0,2,0,1,0,1,0,0,0,0,1,0,0,0,3,3,3,2,0,0,0,0,2,1,3,2,0,0,0,2,0,0,0,0,0,0,1,0,0,0,0,1,0,0,0,0,0,0,0,1,1,2,0,3,2,0,2,2,2,2,3,2,3,2,1,1,3,0,2,1,0,0,0,0,0,1,0,2,1,66,23,38,16,46.15,16.08,26.57,11.19,77,53.85,Femenino,16.0,48.48,13,39.39,9,27.27,12,36.36,7,21.21,6,18.18,7,21.21,8,24.24,8,24.24,22,66.67,15.0,45.45,LING,22.0,Lingüística
146,1,4,0,1,0,3,3,1,3,3,3,3,1,1,3,3,3,2,2,3,1,3,2,3,2,3,2,0,3.0,2,2,3,3,1,1,2,1,3,1,1,3,3,3,0,3,2,2,1,1,2,3,3.0,2,0,1,1,2,1,0,0,1,1,0,0,3,1,0,0,0,0,0,1,1,1,0,3,2,0,2,2,2,2,2,1,0,3,2,0,0,0,1,2,2,2,3,0,1,0,2,0,0,0,2,2,2,1,1,0,2,2,1,1,1,3,3,2,2,2,1,0,0,0,2,2,3,0,0,3,0,1,1,0,3,0,3,0,0,2,2,3,1,0,1,3,0,38,34,36,35,26.57,23.78,25.17,24.48,105,73.43,Masculino,18.0,54.55,15,45.45,13,39.39,18,54.55,15,45.45,17,51.52,15,45.45,15,45.45,19,57.58,17,51.52,18.0,54.55,FINA,19.0,Finanzas
148,0,4,1,1,1,1,1,1,1,1,1,1,1,2,1,1,1,1,2,2,2,1,2,2,2,2,2,2,1.0,2,1,1,1,2,2,1,1,2,1,2,1,2,2,3,1,2,2,1,2,3,2,2.0,1,1,2,0,1,2,2,2,2,1,1,1,1,2,2,1,2,1,2,1,1,2,2,2,2,2,2,2,2,2,2,1,1,2,2,2,1,1,1,1,2,2,1,1,1,1,2,2,2,1,2,1,2,1,1,2,1,1,2,3,1,1,1,3,1,2,2,1,1,2,1,1,1,2,1,2,1,1,1,1,1,1,1,1,2,1,2,2,1,2,2,2,1,1,74,64,4,0.7,51.75,44.76,2.8,142,99.3,Femenino,15.0,45.45,15,45.45,15,45.45,14,42.42,16,48.48,19,57.58,18,54.55,17,51.52,16,48.48,19,57.58,15.0,45.45,BURO,19.0,Burocracia/Administrativo
149,0,4,2,1,1,2,1,1,2,2,1,2,2,2,2,1,1,3,2,1,1,1,2,1,1,2,2,2,1.0,1,2,1,2,1,1,2,2,1,1,1,2,1,2,2,1,2,2,2,1,2,2,1.0,1,2,2,1,1,2,1,2,2,1,2,1,1,1,1,2,2,1,2,1,1,1,1,1,2,1,2,2,1,2,1,1,1,1,1,2,2,1,2,2,1,1,2,2,1,2,1,1,2,2,1,1,2,2,2,2,1,1,2,1,2,2,1,1,1,2,2,2,1,2,2,1,2,2,0,2,2,1,2,1,2,2,2,1,2,1,1,2,2,2,1,2,2,1,68,73,1,0.7,47.55,51.05,0.7,142,99.3,Femenino,17.0,51.52,17,51.52,18,54.55,16,48.48,16,48.48,14,42.42,16,48.48,17,51.52,18,54.55,16,48.48,14.0,42.42,CCNA,18.0,Ciencias Naturales
150,0,4,2,1,2,1,1,1,1,1,2,2,1,2,2,1,2,0,1,2,1,1,1,2,2,1,2,1,2.0,2,1,2,1,1,1,2,2,1,2,2,1,1,1,2,1,1,1,2,2,2,2,1.0,3,1,2,2,2,2,2,2,2,2,1,1,1,1,2,1,2,2,1,2,2,1,1,2,2,2,2,2,1,1,1,2,1,0,0,1,2,2,1,2,2,2,1,2,1,1,1,1,2,1,2,1,3,1,1,2,1,3,1,1,2,2,1,1,1,2,2,1,1,1,3,2,1,1,1,2,1,2,2,1,2,1,1,1,2,2,2,2,2,1,2,1,2,3,69,67,4,2.1,48.25,46.85,2.8,140,97.9,Femenino,16.0,48.48,16,48.48,15,45.45,18,54.55,16,48.48,13,39.39,14,42.42,17,51.52,19,57.58,17,51.52,15.0,45.45,FINA,19.0,Finanzas
151,1,4,1,1,2,3,2,1,1,1,3,1,2,2,1,2,1,1,2,3,1,1,2,1,2,1,2,1,2.0,2,2,2,1,2,1,2,2,1,1,2,2,1,2,2,1,1,3,2,2,3,1,1.0,1,1,2,2,3,2,2,2,0,1,2,2,2,1,2,2,1,2,1,1,1,1,2,1,2,1,2,2,2,2,1,2,2,2,2,1,1,3,2,2,1,1,2,3,1,3,0,0,1,1,1,1,2,2,1,3,1,1,1,0,0,2,2,1,2,1,1,2,2,2,2,2,1,1,2,1,1,1,2,1,3,1,2,1,2,2,1,3,1,2,2,2,1,5,62,64,12,3.5,43.36,44.76,8.39,138,96.5,Masculino,19.0,57.58,19,57.58,21,63.64,18,54.55,20,60.61,15,45.45,10,30.3,19,57.58,18,54.55,17,51.52,16.0,48.48,CCNA,21.0,Ciencias Naturales
152,1,4,1,2,2,2,2,1,1,2,1,2,2,1,1,2,2,2,2,1,2,1,2,1,1,2,2,2,1.0,2,1,2,1,1,1,1,1,1,2,2,1,2,1,1,2,1,1,1,1,2,2,2.0,1,1,1,1,2,1,1,1,1,1,2,2,1,2,1,2,1,1,2,2,2,2,1,2,1,1,3,1,1,2,1,2,1,2,2,1,1,1,1,2,2,1,2,2,2,2,2,2,2,1,2,1,1,2,1,2,1,2,1,1,1,2,2,2,1,2,2,2,2,1,1,1,1,1,1,2,1,0,2,2,1,1,1,1,1,1,1,1,2,1,0,1,1,2,77,63,1,1.4,53.85,44.06,0.7,141,98.6,Masculino,15.0,45.45,18,54.55,15,45.45,19,57.58,14,42.42,15,45.45,14,42.42,15,45.45,17,51.52,16,48.48,13.0,39.39,CCCO,19.0,Ciencias de la Comunicación
154,1,4,2,1,1,1,1,1,2,2,2,1,2,2,2,1,1,2,2,2,2,2,2,2,2,2,0,0,1.0,1,1,2,1,2,0,1,2,1,2,2,0,0,0,0,2,2,0,0,0,0,1,2.0,1,1,0,0,2,2,2,0,0,1,2,2,2,2,1,2,1,2,2,0,2,0,0,0,0,0,2,0,0,0,2,0,0,1,0,0,1,0,0,2,0,0,0,0,2,0,0,0,2,2,0,2,2,2,0,0,2,0,1,2,2,1,0,0,0,2,0,0,0,2,2,2,2,0,2,2,1,2,1,0,2,2,0,1,1,0,0,2,1,0,0,0,2,55,29,59,0,38.46,20.28,41.26,0.0,88,61.54,Masculino,8.0,24.24,6,18.18,14,42.42,16,48.48,12,36.36,12,36.36,6,18.18,13,39.39,14,42.42,8,24.24,14.0,42.42,CCCO,16.0,Ciencias de la Comunicación
155,1,4,0,1,1,0,0,1,0,1,2,0,1,2,2,1,2,1,2,1,0,0,1,2,0,2,2,1,2.0,1,2,2,2,2,2,2,2,1,2,2,1,2,2,2,1,1,2,2,1,1,1,2.0,1,1,2,1,1,1,1,0,1,2,1,2,2,2,1,1,0,0,2,0,0,0,0,0,0,0,0,0,0,0,0,0,0,0,0,0,0,0,0,0,0,0,0,0,0,0,0,0,0,0,0,0,0,0,0,0,0,0,0,0,0,0,0,0,0,0,0,0,0,0,0,0,0,0,0,0,0,0,0,0,0,0,0,0,0,0,0,0,0,0,0,0,0,85,28,30,0,59.44,19.58,20.98,0.0,58,40.56,Masculino,8.0,24.24,7,21.21,7,21.21,8,24.24,5,15.15,5,15.15,5,15.15,7,21.21,8,24.24,4,12.12,9.0,27.27,JURI,9.0,Jurídico
156,0,4,2,3,1,1,2,2,2,3,1,1,1,1,2,3,0,3,2,2,2,1,2,2,2,1,2,2,1.0,1,2,1,1,1,2,1,1,1,0,2,1,3,2,2,1,1,1,2,1,2,1,1.0,1,2,2,1,1,2,2,3,3,1,3,2,2,1,1,2,2,1,1,1,1,2,2,0,0,2,2,2,3,2,2,1,2,1,1,2,2,1,2,1,1,1,1,2,2,2,1,1,2,2,3,1,2,2,1,1,1,1,1,2,2,1,2,2,2,2,1,2,2,1,3,3,1,1,1,0,1,3,2,2,2,2,1,2,3,2,1,2,2,1,2,2,2,5,59,65,14,3.5,41.26,45.45,9.79,138,96.5,Femenino,22.0,66.67,17,51.52,17,51.52,17,51.52,20,60.61,17,51.52,18,54.55,18,54.55,17,51.52,15,45.45,17.0,51.52,CCFM,22.0,Ciencias Físico-Matemáticas
158,0,4,3,1,0,0,3,0,3,3,3,0,3,3,0,0,2,2,1,2,2,1,2,0,2,1,2,0,3.0,0,2,0,2,0,1,2,1,2,3,2,3,0,3,3,3,0,3,3,0,3,3,0.0,0,3,0,0,3,0,3,3,0,2,0,1,2,3,3,3,0,2,0,3,0,3,0,3,0,3,2,2,2,2,0,0,2,3,0,3,3,0,3,0,3,3,2,2,2,2,1,1,0,1,2,2,0,0,2,1,2,1,1,2,0,2,0,0,2,0,1,2,0,2,0,0,3,0,3,0,0,3,0,3,0,0,3,3,3,2,3,0,3,3,0,3,3,49,14,34,46,34.27,9.79,23.78,32.17,94,65.73,Femenino,18.0,54.55,11,33.33,21,63.64,10,30.3,21,63.64,19,57.58,15,45.45,17,51.52,17,51.52,13,39.39,22.0,66.67,JURI,22.0,Jurídico
159,0,4,2,1,2,1,1,1,1,2,2,1,1,2,2,2,2,2,2,2,2,2,3,2,2,2,2,2,2.0,1,2,2,2,1,2,2,2,1,2,2,1,1,2,2,2,2,2,1,2,2,1,1.0,1,1,2,2,2,2,2,2,2,2,2,2,2,2,1,2,2,2,2,1,2,2,2,1,2,1,2,1,2,3,1,2,2,1,3,1,1,2,2,2,1,2,1,1,2,2,2,2,1,1,1,2,2,2,0,1,2,1,1,3,1,2,2,3,1,2,3,2,2,2,2,2,2,2,2,2,2,2,2,2,2,2,1,1,1,1,3,1,1,2,2,2,2,1,43,92,7,0.7,30.07,64.34,4.9,142,99.3,Femenino,19.0,57.58,19,57.58,19,57.58,19,57.58,18,54.55,19,57.58,21,63.64,20,60.61,18,54.55,19,57.58,18.0,54.55,CCEP,21.0,Ciencias Económico-Políticas
160,1,4,2,1,2,1,1,2,2,1,0,1,1,2,0,0,1,2,2,1,0,0,2,2,2,2,2,0,0.0,1,1,0,1,2,2,0,2,1,0,2,1,2,0,0,0,1,0,0,1,0,1,2.0,2,0,0,0,2,1,2,2,2,2,2,2,2,2,0,2,0,1,1,0,2,0,1,1,2,0,1,2,2,0,0,2,1,2,2,1,1,2,2,2,2,0,1,0,0,2,1,0,0,1,1,2,2,2,2,0,1,0,1,2,0,0,2,2,1,1,1,2,2,1,0,0,1,0,1,2,0,1,2,1,0,0,1,0,0,2,2,2,1,1,1,1,2,43,44,56,0,30.07,30.77,39.16,0.0,100,69.93,Masculino,12.0,36.36,6,18.18,11,33.33,7,21.21,10,30.3,16,48.48,10,30.3,11,33.33,14,42.42,15,45.45,14.0,42.42,BURO,16.0,Burocracia/Administrativo
161,1,4,0,1,1,2,1,1,1,2,2,1,1,2,2,1,2,2,1,1,2,1,2,2,2,1,1,1,1.0,2,1,1,1,1,1,2,1,1,1,2,1,1,1,1,1,1,1,1,2,2,1,2.0,1,1,2,1,2,1,1,1,1,1,1,1,2,2,1,1,1,1,1,1,1,1,1,1,2,1,2,1,1,1,1,2,1,1,1,1,1,2,1,2,3,1,1,2,1,2,2,1,2,1,2,1,1,2,1,2,1,1,1,1,2,1,2,2,1,2,1,1,2,1,2,1,2,1,1,1,1,1,2,1,2,1,1,1,1,2,1,2,2,1,2,2,0,2,93,47,1,1.4,65.03,32.87,0.7,141,98.6,Masculino,12.0,36.36,15,45.45,14,42.42,14,42.42,12,36.36,15,45.45,12,36.36,17,51.52,16,48.48,16,48.48,14.0,42.42,HAA,17.0,Humanidades y Arquitectura
162,1,4,3,2,3,2,2,2,3,2,2,2,2,2,0,1,3,1,2,2,3,3,3,2,2,2,2,1,1.0,1,3,2,2,2,3,2,2,1,2,2,2,1,1,3,1,1,2,1,1,2,2,2.0,2,2,1,1,1,1,2,1,1,2,1,2,2,3,1,1,1,2,1,1,2,1,1,1,3,2,2,2,2,2,2,2,1,2,2,1,1,2,2,2,2,2,3,1,1,2,2,0,0,0,0,0,0,0,0,0,0,0,0,0,0,0,0,0,0,0,0,0,0,0,0,0,0,0,0,0,0,0,0,0,0,1,2,2,1,2,2,0,0,0,0,0,2,40,34,56,13,27.97,23.78,39.16,9.09,103,72.03,Masculino,12.0,36.36,15,45.45,18,54.55,14,42.42,14,42.42,18,54.55,16,48.48,12,36.36,11,33.33,14,42.42,14.0,42.42,CCNA,18.0,Ciencias Naturales
164,1,4,2,1,1,2,1,2,1,2,1,1,1,2,2,2,2,2,2,2,1,1,1,2,2,1,1,2,1.0,1,1,2,2,2,2,2,1,2,2,1,1,1,1,2,2,2,1,3,2,1,2,1.0,1,1,1,2,2,1,1,3,3,3,1,2,2,1,1,3,1,2,2,1,1,2,1,2,1,1,1,1,1,1,2,1,2,2,1,1,1,2,2,2,2,3,3,2,1,2,1,2,2,3,3,2,1,1,1,2,1,1,2,2,1,1,1,2,2,2,2,1,2,2,2,1,1,1,2,1,2,2,1,1,2,2,2,1,1,1,2,2,2,2,2,1,2,0,66,68,9,0.0,46.15,47.55,6.29,143,100.0,Masculino,18.0,54.55,18,54.55,19,57.58,17,51.52,17,51.52,17,51.52,19,57.58,19,57.58,16,48.48,21,63.64,18.0,54.55,LING,21.0,Lingüística
167,1,4,2,1,1,2,2,1,3,1,3,3,3,2,1,1,2,1,3,2,1,2,1,1,2,2,2,2,3.0,0,3,2,2,1,2,1,1,1,2,2,2,2,1,1,1,2,2,2,1,2,1,1.0,2,3,3,1,1,2,0,1,2,2,0,2,2,2,3,2,2,1,1,2,2,1,1,2,1,1,2,1,3,2,2,1,2,1,3,1,1,2,2,1,1,1,1,1,1,2,2,2,2,2,2,2,1,1,1,1,3,2,1,2,2,1,3,3,1,2,2,2,1,2,2,2,1,3,0,3,2,2,1,1,3,1,2,2,2,1,1,2,2,1,1,1,2,4,57,64,18,2.8,39.86,44.76,12.59,139,97.2,Masculino,23.0,69.7,13,39.39,18,54.55,19,57.58,19,57.58,15,45.45,23,69.7,13,39.39,20,60.61,20,60.61,19.0,57.58,CCFM,23.0,Ciencias Físico-Matemáticas
168,1,4,1,2,1,2,2,1,1,2,1,2,2,2,2,1,2,1,2,1,2,2,1,2,1,2,1,2,1.0,2,2,1,2,1,2,1,2,1,2,1,2,1,2,2,1,2,1,2,1,1,2,1.0,2,2,1,2,2,2,1,2,1,1,2,1,2,1,2,0,2,2,1,1,2,1,2,2,1,1,2,1,1,2,1,2,1,2,1,2,1,2,1,2,1,2,1,2,1,2,2,1,1,2,1,2,1,1,2,1,2,2,1,1,2,2,1,2,1,2,1,1,1,2,1,1,2,2,1,1,2,2,2,2,2,2,2,2,2,1,1,1,1,2,2,2,1,1,66,76,0,0.7,46.15,53.15,0.0,142,99.3,Masculino,13.0,39.39,19,57.58,19,57.58,17,51.52,16,48.48,17,51.52,16,48.48,15,45.45,16,48.48,17,51.52,18.0,54.55,CCSS,19.0,Ciencias Sociales
169,1,4,2,1,3,1,1,0,3,3,2,0,0,2,1,3,3,3,2,2,2,1,3,3,2,3,2,1,1.0,1,2,2,2,2,3,2,2,3,2,2,3,1,0,1,0,0,2,1,1,0,3,2.0,2,0,0,0,1,1,0,0,1,1,0,0,2,0,0,2,1,1,0,0,0,1,1,1,2,0,2,0,3,2,2,2,2,0,2,1,0,2,3,2,2,2,2,2,1,2,0,2,3,2,2,2,2,2,2,3,2,2,2,1,1,2,0,2,2,2,0,1,1,0,2,2,2,2,1,3,0,0,1,1,1,1,3,0,0,0,2,1,0,1,0,2,2,34,34,56,19,23.78,23.78,39.16,13.29,109,76.22,Masculino,18.0,54.55,15,45.45,20,60.61,13,39.39,13,39.39,9,27.27,19,57.58,19,57.58,13,39.39,17,51.52,16.0,48.48,CCNA,20.0,Ciencias Naturales
170,0,4,2,1,1,2,1,1,0,1,0,1,0,2,1,2,2,1,2,2,1,2,2,2,1,2,2,2,0.0,0,0,2,2,2,2,2,2,2,2,2,2,0,0,1,1,1,0,0,0,0,0,0.0,0,0,0,0,2,0,2,0,1,2,1,1,2,1,0,0,2,0,2,1,2,0,0,2,1,0,0,0,0,0,0,1,2,0,0,0,2,2,1,2,0,0,1,0,2,2,2,0,1,1,1,1,0,0,0,1,2,2,0,0,0,0,0,1,0,1,1,0,1,0,2,2,2,2,2,2,2,0,0,1,1,2,2,0,0,1,2,0,0,3,2,2,2,55,34,53,1,38.46,23.78,37.06,0.7,88,61.54,Femenino,5.0,15.15,10,30.3,9,27.27,16,48.48,15,45.45,11,33.33,9,27.27,10,30.3,12,36.36,15,45.45,10.0,30.3,CCCO,16.0,Ciencias de la Comunicación
171,0,4,2,1,1,1,2,1,2,2,1,2,1,2,2,2,1,0,2,2,2,0,2,2,2,2,2,1,2.0,0,0,0,0,0,2,2,0,2,1,2,2,0,2,2,2,2,2,1,2,1,1,1.0,1,2,2,2,1,2,0,2,2,2,1,0,1,1,1,0,1,0,1,1,1,0,2,1,2,0,1,0,0,0,0,0,1,0,2,0,1,1,1,2,0,0,0,1,1,1,0,0,2,0,0,2,2,2,2,1,1,1,2,2,2,2,1,1,0,2,0,0,0,0,2,2,2,2,2,2,0,0,2,0,2,1,1,2,1,0,0,2,1,1,1,2,2,39,43,61,0,27.27,30.07,42.66,0.0,104,72.73,Femenino,12.0,36.36,9,27.27,7,21.21,14,42.42,14,42.42,12,36.36,13,39.39,20,60.61,11,33.33,12,36.36,10.0,30.3,HAA,20.0,Humanidades y Arquitectura
172,0,4,2,1,1,1,2,1,2,2,1,2,1,2,2,2,1,0,2,2,2,0,2,0,2,2,2,1,0.0,1,0,0,0,0,2,2,0,2,1,2,1,0,1,2,2,2,2,1,2,1,1,1.0,1,2,2,2,1,2,0,2,2,2,1,2,2,1,2,0,2,2,2,1,1,0,1,0,0,1,1,0,1,2,0,0,0,0,2,1,0,2,0,0,0,0,0,0,2,2,0,0,2,2,2,2,0,2,1,1,0,1,2,2,1,1,2,2,2,2,0,0,0,2,2,2,2,2,1,0,0,0,2,0,2,1,1,2,2,0,0,2,2,1,1,2,2,40,37,66,0,27.97,25.87,46.15,0.0,103,72.03,Femenino,10.0,30.3,12,36.36,9,27.27,16,48.48,15,45.45,12,36.36,12,36.36,18,54.55,9,27.27,16,48.48,13.0,39.39,HAA,18.0,Humanidades y Arquitectura
173,0,4,2,1,1,1,1,1,0,1,0,1,0,2,1,2,2,1,2,2,1,2,2,2,1,2,2,2,2.0,1,2,2,2,2,2,2,0,0,0,2,2,2,1,2,2,2,1,2,2,2,1,1.0,1,1,2,2,2,1,2,2,2,2,2,2,2,1,1,2,2,1,2,1,2,2,2,2,2,2,2,2,2,1,1,2,1,2,2,2,2,2,1,1,2,1,1,2,2,3,2,2,1,2,2,0,2,1,1,1,2,1,1,1,1,2,2,2,2,2,1,2,2,2,2,1,2,1,1,2,2,2,2,1,1,2,2,1,1,2,2,1,2,1,1,2,2,7,49,86,1,4.9,34.27,60.14,0.7,136,95.1,Femenino,19.0,57.58,16,48.48,18,54.55,18,54.55,17,51.52,18,54.55,18,54.55,18,54.55,18,54.55,16,48.48,13.0,39.39,CCFM,19.0,Ciencias Físico-Matemáticas
174,0,4,2,1,2,2,1,1,0,0,0,0,1,2,1,2,0,0,2,1,2,0,0,2,0,2,2,2,2.0,1,2,2,2,1,1,2,2,2,2,2,2,2,2,1,1,0,2,2,2,1,1,1.0,1,2,2,0,1,2,1,0,2,2,2,2,2,2,2,1,1,1,2,2,1,1,1,1,2,1,2,1,1,1,2,1,2,1,2,1,1,1,2,2,2,2,1,1,2,2,1,1,2,1,2,2,1,2,1,1,1,2,2,1,1,2,2,1,1,2,2,1,2,1,2,1,2,2,2,2,2,1,2,2,1,2,2,2,2,2,2,2,2,1,2,2,2,12,52,79,0,8.39,36.36,55.24,0.0,131,91.61,Femenino,17.0,51.52,12,36.36,14,42.42,20,60.61,16,48.48,14,42.42,14,42.42,16,48.48,16,48.48,14,42.42,17.0,51.52,CCCO,20.0,Ciencias de la Comunicación
175,1,4,1,1,1,1,0,1,0,2,0,2,1,2,2,1,2,2,1,2,0,1,2,2,1,2,2,0,1.0,1,2,0,2,2,0,2,2,1,2,2,2,2,1,0,2,2,2,1,0,2,1,2.0,1,1,1,2,2,1,2,2,2,2,2,2,1,2,0,0,0,1,2,1,1,0,0,1,0,0,2,0,0,1,1,0,1,0,0,0,2,2,0,2,1,0,1,2,1,0,1,0,0,1,1,2,2,1,2,1,1,2,1,1,0,0,1,1,1,2,0,0,0,2,2,2,2,0,2,2,1,2,1,0,2,0,2,1,1,0,1,0,0,1,0,1,1,39,50,54,0,27.27,34.97,37.76,0.0,104,72.73,Masculino,10.0,30.3,10,30.3,16,48.48,13,39.39,14,42.42,12,36.36,5,15.15,10,30.3,15,45.45,13,39.39,13.0,39.39,CCNA,16.0,Ciencias Naturales
176,0,4,2,1,1,1,2,1,1,0,1,2,1,2,1,2,2,1,2,1,2,2,1,2,0,1,2,2,2.0,1,2,2,2,2,0,2,2,2,1,2,2,1,1,2,2,2,2,1,2,2,1,1.0,2,2,1,1,1,2,2,2,2,2,2,3,1,1,2,1,2,1,1,1,2,0,0,0,0,0,2,2,2,1,2,1,2,1,1,2,2,1,1,1,2,2,2,1,1,2,1,1,2,1,1,2,1,2,2,1,1,2,2,1,1,2,1,1,2,2,1,2,1,2,2,2,2,2,2,2,1,1,1,1,2,2,2,2,2,2,1,2,2,2,1,2,2,8,56,78,1,5.59,39.16,54.55,0.7,135,94.41,Femenino,19.0,57.58,15,45.45,16,48.48,18,54.55,20,60.61,18,54.55,12,36.36,17,51.52,17,51.52,14,42.42,12.0,36.36,ARTE,20.0,Artes
177,1,4,2,1,1,2,1,0,0,0,2,3,0,2,0,3,2,0,0,0,2,3,0,2,1,2,2,0,2.0,1,1,2,2,0,2,2,2,2,2,2,2,2,0,1,2,2,2,1,0,2,2,0.0,2,1,2,2,1,2,1,2,1,2,1,2,2,2,1,1,1,1,2,1,2,1,2,1,1,2,2,0,2,1,1,2,2,2,0,2,2,1,2,0,1,2,2,1,2,1,2,2,1,0,2,1,2,1,2,0,1,1,1,2,2,2,0,1,1,2,1,0,2,2,0,1,1,2,1,1,2,2,0,1,0,0,2,1,1,2,1,1,1,1,2,0,2,26,47,67,3,18.18,32.87,46.85,2.1,117,81.82,Masculino,18.0,54.55,12,36.36,12,36.36,16,48.48,13,39.39,17,51.52,15,45.45,13,39.39,14,42.42,18,54.55,16.0,48.48,CCFM,18.0,Ciencias Físico-Matemáticas
178,0,4,0,1,2,3,1,1,1,0,2,1,0,0,1,1,2,2,1,1,0,1,0,2,1,2,0,1,1.0,1,3,1,1,0,2,0,0,2,0,0,1,0,0,1,2,1,3,0,2,2,1,2.0,0,2,2,0,1,0,1,0,2,2,2,2,0,0,1,1,3,1,0,1,0,2,2,0,1,2,0,1,2,3,1,2,0,1,0,0,2,1,2,2,0,1,1,2,1,0,0,1,0,0,1,0,0,1,2,1,0,0,2,0,1,1,1,1,0,2,0,2,0,2,2,0,0,0,2,2,2,0,0,1,1,1,1,3,1,1,0,0,1,1,1,1,0,49,52,36,6,34.27,36.36,25.17,4.2,94,65.73,Femenino,13.0,39.39,13,39.39,16,48.48,15,45.45,9,27.27,6,18.18,10,30.3,9,27.27,14,42.42,14,42.42,9.0,27.27,CCNA,16.0,Ciencias Naturales
179,1,4,2,1,3,1,3,1,2,1,1,3,1,3,3,2,3,2,3,2,0,1,3,2,2,3,3,3,3.0,3,2,3,2,3,1,1,3,3,3,2,3,3,2,3,3,2,3,1,1,3,3,3.0,1,2,1,1,3,1,1,0,3,1,1,2,1,2,2,1,3,0,3,3,1,0,1,3,2,1,2,2,3,3,0,3,2,0,3,1,1,2,3,0,2,2,3,1,2,2,2,2,3,3,2,0,2,1,0,0,3,2,2,1,2,2,1,2,1,2,2,1,1,1,3,0,3,1,1,3,3,1,2,0,2,3,3,2,2,2,3,3,2,2,3,2,2,12,36,45,50,8.39,25.17,31.47,34.97,131,91.61,Masculino,20.0,60.61,23,69.7,21,63.64,26,78.79,21,63.64,16,48.48,19,57.58,18,54.55,23,69.7,26,78.79,20.0,60.61,CCCO,26.0,Ciencias de la Comunicación
182,1,5,2,2,1,2,2,3,3,1,2,2,1,3,1,1,1,2,3,1,1,3,1,2,1,2,2,2,1.0,2,2,1,1,1,1,2,0,1,1,2,2,2,1,1,1,2,1,2,1,1,2,2.0,0,0,2,1,1,2,2,2,2,1,2,2,1,1,2,1,1,1,1,2,1,0,2,2,1,1,0,2,1,2,1,2,1,1,0,1,0,1,0,1,2,2,2,2,2,1,1,0,1,1,2,2,2,2,1,2,2,1,1,0,1,0,2,0,2,2,1,1,1,2,0,1,2,0,1,1,0,2,2,2,1,2,2,0,2,2,2,2,3,1,1,2,2,16,59,62,6,11.19,41.26,43.36,4.2,127,88.81,Masculino,15.0,45.45,17,51.52,17,51.52,15,45.45,16,48.48,15,45.45,14,42.42,13,39.39,16,48.48,13,39.39,15.0,45.45,CCSS,17.0,Ciencias Sociales
184,1,5,2,2,1,2,2,1,2,1,1,1,2,1,2,1,1,1,2,1,2,2,2,2,1,1,2,2,2.0,1,2,3,2,1,1,2,1,1,1,1,1,2,2,1,1,1,2,2,1,3,3,1.0,2,2,1,0,1,2,2,3,1,2,1,1,2,1,2,1,1,2,2,1,1,2,0,1,2,1,2,1,1,1,3,2,2,2,2,1,1,2,1,0,2,1,2,2,2,1,1,1,1,2,0,2,0,1,2,1,3,1,1,2,2,2,2,2,0,2,0,1,2,1,1,2,2,1,1,1,1,1,2,0,2,2,1,2,2,0,1,2,1,2,2,0,2,10,63,64,6,6.99,44.06,44.76,4.2,133,93.01,Masculino,16.0,48.48,15,45.45,18,54.55,20,60.61,17,51.52,17,51.52,17,51.52,15,45.45,16,48.48,16,48.48,14.0,42.42,CCCO,20.0,Ciencias de la Comunicación
186,0,4,2,1,3,2,3,0,0,1,3,1,2,2,1,1,1,1,2,3,2,2,0,0,2,2,2,2,0.0,1,1,2,1,2,2,0,0,3,2,2,0,0,1,0,0,1,2,0,0,0,3,0.0,2,0,2,2,1,2,0,2,0,1,0,2,2,1,1,0,0,1,0,1,0,0,0,0,0,0,2,0,0,0,1,0,0,0,0,0,0,0,0,2,0,2,0,0,0,0,0,0,0,0,1,1,0,0,1,1,0,0,0,0,0,0,0,0,0,3,0,2,0,2,2,3,2,0,2,2,2,0,1,1,1,0,0,0,0,1,0,0,0,1,0,2,2,71,28,36,8,49.65,19.58,25.17,5.59,72,50.35,Femenino,11.0,33.33,7,21.21,10,30.3,10,30.3,12,36.36,11,33.33,4,12.12,4,12.12,5,15.15,15,45.45,9.0,27.27,LING,15.0,Lingüística
187,0,4,3,1,2,2,3,1,1,3,1,2,2,2,1,1,1,2,2,3,2,1,3,1,2,2,2,2,2.0,2,2,2,3,1,2,0,0,0,1,2,2,1,1,0,0,1,2,1,1,3,2,2.0,1,2,1,3,1,1,0,2,2,1,1,2,2,2,1,0,2,3,1,0,2,2,0,1,1,3,2,3,3,1,1,0,0,2,2,2,2,0,3,3,2,0,0,1,0,3,2,3,2,3,3,3,0,1,2,1,0,2,2,1,3,3,1,2,2,0,3,1,0,2,2,1,2,2,3,3,3,1,1,1,2,2,3,2,3,3,2,3,0,2,3,2,3,20,38,54,31,13.99,26.57,37.76,21.68,123,86.01,Femenino,16.0,48.48,14,42.42,17,51.52,14,42.42,19,57.58,20,60.61,21,63.64,21,63.64,16,48.48,19,57.58,24.0,72.73,JURI,24.0,Jurídico
188,1,4,1,2,1,2,1,2,2,1,1,1,2,2,2,1,2,1,1,1,1,1,1,2,1,1,2,2,2.0,2,2,2,1,2,1,2,2,2,2,2,2,1,2,1,1,1,2,1,1,2,2,1.0,1,2,2,1,1,1,1,1,1,1,1,1,1,2,1,1,1,2,2,2,1,1,1,1,2,1,1,2,1,1,2,2,1,1,2,1,1,1,1,2,1,2,1,2,2,2,2,2,2,2,2,2,2,1,1,2,2,2,2,1,1,1,2,2,1,2,2,1,2,1,2,1,2,2,2,2,2,2,1,2,2,2,2,2,2,2,2,1,2,2,2,2,1,0,66,77,0,0.0,46.15,53.85,0.0,143,100.0,Masculino,15.0,45.45,18,54.55,17,51.52,19,57.58,15,45.45,17,51.52,16,48.48,14,42.42,18,54.55,18,54.55,16.0,48.48,CCCO,19.0,Ciencias de la Comunicación
189,1,4,2,1,1,1,1,3,3,3,2,1,3,2,3,3,2,1,2,3,2,3,3,2,1,3,2,2,2.0,1,1,1,1,2,3,2,2,3,2,2,3,3,1,3,3,2,2,1,1,2,3,2.0,2,1,3,2,3,2,1,2,3,3,2,2,2,1,3,2,3,3,2,1,2,3,1,1,1,1,2,3,3,3,3,2,1,2,2,1,2,3,2,2,2,2,3,1,2,2,2,3,2,1,1,2,3,1,2,1,1,1,3,2,1,3,2,1,1,2,2,3,3,2,1,1,2,2,1,2,1,2,1,1,3,2,1,1,3,3,2,2,2,1,1,2,2,0,44,59,40,0.0,30.77,41.26,27.97,143,100.0,Masculino,28.0,84.85,22,66.67,20,60.61,18,54.55,19,57.58,24,72.73,26,78.79,22,66.67,20,60.61,18,54.55,21.0,63.64,CCFM,28.0,Ciencias Físico-Matemáticas
190,0,4,2,1,1,1,1,0,1,1,1,1,1,1,2,2,2,2,2,1,1,0,2,2,1,2,1,2,2.0,1,2,2,2,0,1,2,2,1,1,2,2,2,1,2,2,2,2,1,2,2,1,1.0,0,0,0,0,1,2,2,1,2,1,2,1,2,0,1,1,2,1,2,1,2,2,1,2,1,2,1,2,1,2,1,2,1,2,1,2,2,1,1,0,0,2,1,2,2,0,0,2,0,2,0,1,2,2,2,2,0,2,1,1,0,0,0,0,0,0,0,1,0,2,0,0,0,0,0,0,0,0,0,0,2,2,2,0,1,2,0,2,0,0,0,2,2,38,45,60,0,26.57,31.47,41.96,0.0,105,73.43,Femenino,17.0,51.52,14,42.42,16,48.48,17,51.52,12,36.36,11,33.33,10,30.3,13,39.39,15,45.45,7,21.21,11.0,33.33,CCFM,17.0,Ciencias Físico-Matemáticas
191,0,4,3,2,1,1,1,1,1,0,2,1,0,1,0,3,0,1,1,1,0,1,0,2,0,1,2,2,0.0,0,2,0,0,0,0,2,2,2,0,0,0,0,0,0,0,0,0,0,0,0,0,0.0,0,0,2,0,0,0,0,0,2,2,0,2,2,0,2,0,0,1,1,0,0,0,0,0,1,0,0,0,2,2,2,0,0,0,0,2,0,0,2,0,0,1,0,2,2,2,0,0,0,0,0,0,0,0,0,2,0,0,0,0,1,2,0,0,0,2,1,1,2,1,1,0,0,0,0,2,0,0,1,0,0,0,0,0,0,0,0,0,0,0,0,0,0,91,22,28,2,63.64,15.38,19.58,1.4,52,36.36,Femenino,12.0,36.36,8,24.24,10,30.3,6,18.18,4,12.12,1,3.03,5,15.15,8,24.24,8,24.24,6,18.18,5.0,15.15,CCFM,12.0,Ciencias Físico-Matemáticas
196,1,4,2,1,2,1,1,2,2,1,1,0,1,2,2,2,2,1,1,2,2,1,1,1,2,2,2,1,1.0,1,2,1,2,2,1,2,1,2,2,2,1,2,2,2,2,2,2,2,1,2,2,2.0,1,2,1,1,2,1,2,1,2,1,2,1,2,1,2,1,2,1,2,1,2,1,2,2,2,2,2,2,2,2,2,2,2,2,2,2,2,2,2,2,2,1,1,1,1,2,2,2,2,2,2,2,2,2,2,2,2,2,2,2,2,2,2,2,2,2,2,1,1,1,1,1,1,1,1,1,1,1,1,1,2,1,1,2,2,2,2,2,2,2,1,2,1,1,52,90,0,0.7,36.36,62.94,0.0,142,99.3,Masculino,17.0,51.52,16,48.48,17,51.52,16,48.48,19,57.58,20,60.61,18,54.55,17,51.52,18,54.55,18,54.55,19.0,57.58,BURO,20.0,Burocracia/Administrativo
197,0,4,2,1,2,1,2,2,2,1,1,2,2,2,1,2,2,1,2,1,1,1,2,1,1,1,2,1,1.0,1,1,2,1,2,1,2,1,2,2,2,1,1,1,2,1,1,2,1,1,2,1,2.0,2,2,1,1,1,1,1,2,1,1,1,2,2,1,1,1,1,1,1,1,1,1,1,1,1,2,1,2,1,1,1,2,1,1,2,1,2,1,1,2,2,2,1,1,2,1,1,1,2,1,2,2,2,2,2,1,1,2,2,2,2,2,1,1,1,2,2,1,1,2,2,1,2,1,1,2,2,2,1,2,1,1,1,2,1,2,1,1,2,1,1,2,2,0,81,62,0,0.0,56.64,43.36,0.0,143,100.0,Femenino,15.0,45.45,12,36.36,14,42.42,18,54.55,13,39.39,18,54.55,14,42.42,15,45.45,15,45.45,16,48.48,18.0,54.55,CCCO,18.0,Ciencias de la Comunicación
198,1,4,2,1,1,1,1,0,2,2,1,1,1,2,2,2,2,2,2,2,2,0,2,2,2,2,2,2,2.0,2,2,2,2,2,2,2,2,2,2,1,1,2,2,2,2,2,2,2,2,2,2,1.0,1,0,2,2,2,2,1,2,2,2,2,2,2,2,1,2,2,1,1,1,2,2,2,0,0,0,2,0,0,0,0,1,2,0,2,0,1,1,1,2,0,1,1,1,0,1,2,2,1,1,2,2,1,0,2,1,2,0,1,2,1,1,0,0,0,0,0,1,1,1,2,1,2,2,2,2,2,0,2,0,2,2,1,0,1,0,0,1,1,1,0,2,2,27,40,76,0,18.88,27.97,53.15,0.0,116,81.12,Masculino,18.0,54.55,16,48.48,15,45.45,13,39.39,15,45.45,16,48.48,17,51.52,17,51.52,14,42.42,15,45.45,11.0,33.33,CCFM,18.0,Ciencias Físico-Matemáticas
199,0,4,2,1,1,2,1,2,0,0,1,1,1,1,1,2,2,0,2,1,2,2,0,2,1,2,2,0,0.0,1,3,2,1,2,0,2,2,1,2,2,1,2,1,2,1,1,2,2,2,2,1,0.0,2,0,2,2,2,0,1,2,2,2,2,2,2,1,1,1,2,1,0,1,2,2,1,0,0,0,2,0,1,1,1,2,1,0,0,0,0,0,0,2,0,0,1,0,0,0,0,1,0,0,0,2,2,0,0,1,2,2,3,2,0,0,0,0,0,2,0,2,0,1,2,1,2,2,2,2,0,0,2,1,1,0,1,0,1,0,0,0,0,1,0,2,2,48,39,54,2,33.57,27.27,37.76,1.4,95,66.43,Femenino,13.0,39.39,12,36.36,14,42.42,13,39.39,12,36.36,16,48.48,11,33.33,9,27.27,11,33.33,7,21.21,9.0,27.27,BURO,16.0,Burocracia/Administrativo
200,1,4,3,2,3,2,2,2,3,3,2,3,2,3,1,1,1,3,3,1,1,1,2,1,3,3,2,2,1.0,1,3,3,3,1,1,3,1,1,1,1,1,1,1,1,1,1,3,3,1,1,1,2.0,1,2,1,1,1,1,2,2,1,2,1,1,1,2,1,1,1,1,2,2,1,1,1,1,1,1,2,2,1,2,1,2,2,1,1,2,2,1,2,2,3,3,3,3,2,2,2,1,1,1,2,2,1,1,3,1,1,2,2,1,1,2,1,3,2,2,2,1,1,1,2,2,1,3,1,3,3,1,2,2,1,3,1,2,3,1,3,1,1,2,1,2,3,0,70,44,29,0.0,48.95,30.77,20.28,143,100.0,Masculino,17.0,51.52,17,51.52,19,57.58,22,66.67,22,66.67,16,48.48,19,57.58,19,57.58,15,45.45,21,63.64,18.0,54.55,CCCO,22.0,Ciencias de la Comunicación
203,1,4,2,1,2,2,1,2,1,1,1,1,1,2,0,2,2,2,2,1,1,1,1,1,2,1,2,2,2.0,1,1,2,2,1,2,2,1,2,1,1,2,1,1,1,2,3,1,1,1,1,1,2.0,2,2,1,2,1,0,0,1,2,1,1,2,2,2,1,0,0,1,2,1,1,2,2,1,3,1,2,1,1,2,2,1,2,1,2,1,2,1,1,1,2,1,2,2,1,1,0,2,1,2,1,2,2,1,1,1,1,2,2,1,1,1,1,2,2,2,1,1,1,2,1,2,1,2,1,1,0,1,1,1,0,2,2,2,1,1,2,1,2,1,2,2,2,8,73,60,2,5.59,51.05,41.96,1.4,135,94.41,Masculino,12.0,36.36,15,45.45,17,51.52,17,51.52,16,48.48,11,33.33,18,54.55,13,39.39,14,42.42,16,48.48,16.0,48.48,CCEP,18.0,Ciencias Económico-Políticas
204,0,4,2,1,1,2,2,1,2,2,2,1,1,1,1,2,2,2,0,2,1,1,2,2,0,1,2,2,2.0,1,2,1,2,1,1,1,2,1,2,2,2,2,1,2,2,2,2,1,1,2,1,1.0,2,2,1,1,1,2,1,1,1,2,1,1,0,1,2,2,1,0,1,1,1,2,1,2,2,1,1,1,2,1,0,2,2,2,0,2,1,1,1,2,2,0,1,1,0,1,2,2,1,2,1,1,2,0,2,2,1,2,2,2,1,2,1,2,1,2,2,2,1,1,2,2,2,1,1,1,2,1,2,1,1,2,2,2,2,1,2,0,2,1,1,2,2,10,63,70,0,6.99,44.06,48.95,0.0,133,93.01,Femenino,18.0,54.55,14,42.42,13,39.39,16,48.48,19,57.58,16,48.48,14,42.42,15,45.45,18,54.55,13,39.39,11.0,33.33,ARTE,19.0,Artes
206,1,4,2,1,1,1,1,1,1,1,0,1,1,2,2,2,2,0,2,0,2,2,2,2,1,1,2,2,2.0,0,1,1,2,0,0,1,2,1,0,2,2,2,1,2,2,2,2,1,2,2,2,2.0,2,1,2,2,1,2,2,2,2,2,2,2,2,1,0,2,0,2,2,1,1,2,2,0,1,0,2,2,0,1,0,2,0,2,2,2,2,2,2,2,2,0,1,1,1,2,2,1,1,2,1,2,1,2,2,2,1,1,2,1,2,2,2,1,1,2,2,2,2,1,2,2,2,2,2,2,2,2,1,1,2,2,2,2,1,2,2,2,2,2,2,2,2,15,40,88,0,10.49,27.97,61.54,0.0,128,89.51,Masculino,18.0,54.55,14,42.42,12,36.36,18,54.55,15,45.45,17,51.52,17,51.52,19,57.58,18,54.55,16,48.48,15.0,45.45,HAA,19.0,Humanidades y Arquitectura
207,0,4,2,1,2,2,2,1,1,2,1,3,1,2,1,2,2,1,2,3,1,1,2,2,2,1,2,2,2.0,3,1,2,2,1,1,2,2,2,1,1,2,2,1,2,2,2,1,1,2,1,2,1.0,2,2,2,2,1,2,2,2,2,2,1,2,1,2,2,1,1,1,3,1,1,1,2,2,1,1,2,2,2,2,2,1,2,1,2,2,1,1,1,2,2,1,1,1,1,1,1,1,1,1,2,1,1,2,1,2,1,2,2,2,2,2,1,1,1,1,1,2,1,1,2,2,2,1,1,1,1,1,2,2,1,2,2,2,2,2,2,2,2,2,1,2,2,0,63,76,4,0.0,44.06,53.15,2.8,143,100.0,Femenino,18.0,54.55,18,54.55,15,45.45,21,63.64,21,63.64,15,45.45,15,45.45,20,60.61,15,45.45,19,57.58,11.0,33.33,CCCO,21.0,Ciencias de la Comunicación
208,1,4,2,1,2,2,1,1,1,0,2,2,1,1,1,2,2,1,1,1,1,1,2,1,1,1,1,2,2.0,0,0,0,0,1,0,0,0,0,1,2,2,0,0,1,0,0,0,1,0,0,0,1.0,1,2,0,0,0,0,0,0,0,0,0,1,0,0,1,0,0,0,0,0,2,0,0,0,0,0,1,0,0,2,0,0,0,0,2,0,0,0,2,0,0,0,0,0,0,0,0,0,0,0,0,0,0,0,0,0,0,0,0,0,0,0,0,0,0,0,0,0,0,0,0,0,0,0,1,1,0,0,1,0,0,1,0,0,0,0,0,0,0,0,0,1,2,95,30,18,0,66.43,20.98,12.59,0.0,48,33.57,Masculino,6.0,18.18,6,18.18,4,12.12,3,9.09,2,6.06,5,15.15,5,15.15,3,9.09,4,12.12,4,12.12,6.0,18.18,CCFM,6.0,Ciencias Físico-Matemáticas
209,0,4,1,1,0,0,0,0,0,0,0,3,0,2,0,0,0,0,2,2,0,2,0,2,1,2,0,0,0.0,1,0,0,0,0,0,2,0,0,0,2,3,2,3,1,0,0,2,0,0,0,0,0.0,2,0,2,0,2,2,3,2,2,2,2,2,2,1,0,2,1,0,1,1,0,0,0,0,1,0,2,1,1,1,2,0,3,0,2,0,2,1,0,2,0,0,1,2,1,1,0,1,1,0,0,0,0,0,0,1,2,3,1,0,0,2,0,0,0,2,1,2,0,2,2,3,2,2,0,0,3,2,1,1,0,0,3,0,0,1,0,0,1,1,0,2,1,69,28,37,9,48.25,19.58,25.87,6.29,74,51.75,Femenino,10.0,30.3,9,27.27,14,42.42,11,33.33,14,42.42,7,21.21,9,27.27,7,21.21,7,21.21,12,36.36,6.0,18.18,CCNA,14.0,Ciencias Naturales
210,1,4,2,1,2,1,1,1,1,1,2,2,1,2,2,2,2,1,1,1,1,2,1,2,1,2,2,1,1.0,1,2,2,1,2,2,1,1,2,1,1,1,1,1,2,2,1,1,2,2,1,1,1.0,2,1,1,1,1,1,1,2,1,1,2,2,1,2,1,2,1,2,1,1,1,1,2,2,1,1,2,2,1,2,1,2,1,1,2,1,1,2,1,2,2,2,1,2,2,1,2,2,2,2,1,2,2,2,1,1,1,2,2,1,1,1,1,1,2,2,2,2,2,1,1,1,2,2,2,2,2,1,2,1,2,1,1,2,1,2,2,1,1,2,1,2,2,0,75,68,0,0.0,52.45,47.55,0.0,143,100.0,Masculino,17.0,51.52,14,42.42,16,48.48,17,51.52,12,36.36,16,48.48,18,54.55,15,45.45,17,51.52,17,51.52,14.0,42.42,CCEP,18.0,Ciencias Económico-Políticas
211,1,5,2,1,1,0,1,1,2,1,1,1,1,2,2,2,1,2,2,2,2,2,2,2,2,2,2,0,0.0,0,1,2,2,2,2,1,2,2,2,2,1,2,2,2,1,2,1,1,1,2,2,2.0,1,1,1,2,1,1,1,2,2,2,1,2,1,1,1,2,2,1,2,2,1,2,2,1,1,1,2,1,1,2,2,1,0,2,2,1,1,1,2,2,2,2,2,2,1,1,1,1,2,1,2,1,2,2,1,2,1,2,2,1,2,1,2,1,1,1,2,1,2,2,2,2,2,2,1,2,1,2,2,0,2,0,1,1,1,2,1,1,2,2,2,0,2,8,58,77,0,5.59,40.56,53.85,0.0,135,94.41,Masculino,16.0,48.48,16,48.48,16,48.48,15,45.45,16,48.48,17,51.52,19,57.58,15,45.45,17,51.52,17,51.52,17.0,51.52,CCEP,19.0,Ciencias Económico-Políticas
212,1,5,3,1,2,2,1,2,1,2,1,2,1,2,1,3,2,2,2,1,1,1,2,2,1,0,2,0,0.0,0,0,1,1,1,0,2,2,0,0,2,0,0,1,0,0,1,2,2,0,2,2,0.0,2,0,2,2,2,0,2,2,0,2,2,2,2,1,1,2,0,0,0,0,0,0,0,0,0,0,1,0,0,0,0,0,0,0,2,0,0,0,0,3,0,1,1,0,0,0,0,1,0,0,0,0,2,0,0,2,2,2,2,0,0,0,0,0,0,2,0,0,0,0,2,2,2,0,2,2,2,0,2,0,1,0,0,0,1,0,0,0,0,0,0,2,3,71,23,45,4,49.65,16.08,31.47,2.8,72,50.35,Masculino,12.0,36.36,9,27.27,8,24.24,9,27.27,11,33.33,10,30.3,7,21.21,10,30.3,11,33.33,9,27.27,3.0,9.09,CCFM,12.0,Ciencias Físico-Matemáticas
213,0,5,1,2,1,2,1,1,1,2,2,1,2,2,1,1,1,1,2,2,1,1,1,1,1,2,1,2,2.0,2,1,2,1,2,1,1,1,2,1,2,2,1,2,2,2,2,1,1,1,2,2,2.0,2,1,1,1,2,1,1,1,2,2,1,2,1,1,2,2,2,1,1,2,2,2,1,2,2,2,1,1,1,1,2,1,1,2,1,1,1,2,1,2,2,1,1,1,2,1,1,2,1,1,1,2,1,2,1,2,2,0,1,2,1,2,1,1,2,2,2,1,2,1,1,2,1,2,1,2,2,1,0,2,1,2,2,1,2,2,1,2,2,2,1,2,1,2,73,68,0,1.4,51.05,47.55,0.0,141,98.6,Femenino,13.0,39.39,18,54.55,16,48.48,15,45.45,16,48.48,16,48.48,15,45.45,15,45.45,16,48.48,18,54.55,17.0,51.52,CCSS,18.0,Ciencias Sociales
214,0,5,1,1,2,0,1,1,1,0,2,2,0,1,2,1,2,0,1,1,1,1,2,0,1,1,2,2,2.0,2,2,2,1,1,1,2,1,0,1,1,0,1,1,2,0,2,0,2,0,2,2,2.0,2,2,2,2,2,2,0,2,2,1,3,2,2,1,2,0,1,2,2,2,1,2,1,1,2,1,2,0,1,0,1,2,2,3,2,0,2,0,1,2,1,1,2,1,2,2,1,2,2,2,2,2,2,1,2,1,1,1,2,1,1,2,2,1,2,2,1,1,2,1,2,2,2,2,2,1,1,1,0,1,2,2,0,2,2,0,1,1,1,1,1,2,1,19,55,67,2,13.29,38.46,46.85,1.4,124,86.71,Femenino,14.0,42.42,16,48.48,14,42.42,16,48.48,17,51.52,13,39.39,17,51.52,13,39.39,17,51.52,14,42.42,14.0,42.42,ARTE,17.0,Artes
216,1,4,2,1,1,1,1,1,2,1,1,1,1,1,2,1,1,1,1,2,2,2,2,2,1,1,1,3,1.0,2,1,2,2,1,1,1,2,2,1,1,1,1,2,1,3,2,2,2,1,2,1,1.0,2,2,1,2,1,2,2,1,2,2,2,2,1,2,1,1,2,1,1,2,1,2,1,3,1,2,1,2,1,1,1,2,2,2,2,2,1,2,1,2,1,1,1,1,1,2,1,2,1,2,1,1,0,2,1,2,1,2,2,2,2,2,1,2,1,2,3,1,1,1,1,2,1,2,2,2,1,2,2,2,2,3,1,2,1,2,2,1,1,1,1,2,3,1,72,64,6,0.7,50.35,44.76,4.2,142,99.3,Masculino,13.0,39.39,18,54.55,11,33.33,18,54.55,20,60.61,16,48.48,21,63.64,16,48.48,19,57.58,15,45.45,13.0,39.39,CCEP,21.0,Ciencias Económico-Políticas
217,0,4,1,1,0,0,2,2,0,2,1,2,0,2,1,3,3,2,2,2,1,1,2,2,0,2,2,1,0.0,0,2,2,2,2,0,2,0,2,2,2,2,0,0,0,0,0,2,0,0,2,0,0.0,0,0,0,0,0,2,0,0,0,0,0,0,2,1,0,0,0,0,0,3,0,0,0,0,0,0,3,0,2,2,2,2,0,2,2,3,0,0,2,2,0,0,3,1,3,2,0,2,0,0,2,2,2,1,2,0,1,0,2,0,0,3,3,0,0,0,1,1,1,1,2,2,2,2,3,2,3,2,2,2,1,1,3,0,0,0,0,1,1,2,0,0,1,62,20,49,12,43.36,13.99,34.27,8.39,81,56.64,Femenino,10.0,30.3,11,33.33,12,36.36,13,39.39,15,45.45,11,33.33,7,21.21,16,48.48,11,33.33,11,33.33,12.0,36.36,HAA,16.0,Humanidades y Arquitectura
220,0,5,2,1,1,1,0,0,0,0,0,0,0,2,0,0,0,0,2,1,0,0,0,0,0,0,2,0,0.0,0,0,0,0,0,0,0,0,0,0,2,2,0,2,0,0,1,0,0,0,0,1,2.0,2,1,0,0,0,2,1,2,2,2,2,1,2,2,1,1,2,1,2,1,1,2,2,0,1,0,0,0,2,1,2,2,1,0,2,2,0,2,1,1,0,1,1,2,2,0,0,1,0,0,1,0,0,0,0,1,1,1,1,1,1,2,0,0,0,2,0,0,0,0,2,2,2,2,2,2,2,2,2,1,0,0,1,1,1,1,0,0,0,1,2,0,2,67,35,41,0,46.85,24.48,28.67,0.0,76,53.15,Femenino,6.0,18.18,8,24.24,8,24.24,15,45.45,9,27.27,7,21.21,10,30.3,10,30.3,4,12.12,9,27.27,9.0,27.27,CCCO,15.0,Ciencias de la Comunicación
221,1,5,2,1,1,1,1,1,1,1,1,1,1,2,2,2,2,1,2,1,1,1,2,2,2,2,2,2,1.0,1,1,1,2,2,2,1,1,1,1,2,1,2,2,2,2,2,2,2,2,2,2,1.0,2,2,1,1,1,2,2,1,1,2,2,2,2,2,1,2,2,1,1,2,2,2,2,1,1,2,2,2,1,1,2,2,2,2,2,2,2,2,2,1,1,1,2,2,2,2,1,1,1,2,1,2,1,2,1,1,2,2,1,2,1,1,2,1,1,2,2,2,0,2,2,2,2,2,1,2,1,2,2,1,2,2,1,2,2,2,1,2,2,1,1,2,2,1,58,84,0,0.7,40.56,58.74,0.0,142,99.3,Masculino,17.0,51.52,15,45.45,16,48.48,19,57.58,19,57.58,18,54.55,16,48.48,17,51.52,19,57.58,15,45.45,17.0,51.52,CCCO,19.0,Ciencias de la Comunicación
223,1,4,3,1,3,2,1,0,0,1,0,2,2,2,2,0,2,2,2,2,2,2,1,1,2,2,2,2,0.0,1,1,0,1,2,2,2,2,1,2,2,1,0,1,1,0,1,2,0,1,0,2,1.0,1,1,2,2,2,0,0,0,0,1,1,2,2,1,2,2,1,0,0,2,1,1,0,1,0,2,0,2,0,0,0,2,2,2,2,2,0,2,2,2,3,1,1,1,1,0,2,1,2,2,2,1,2,1,0,2,2,0,2,1,1,1,0,0,1,2,2,1,1,1,2,2,2,2,2,2,2,1,2,0,2,2,1,1,2,2,1,0,2,0,1,0,3,32,43,64,4,22.38,30.07,44.76,2.8,111,77.62,Masculino,11.0,33.33,14,42.42,14,42.42,10,30.3,15,45.45,16,48.48,12,36.36,13,39.39,11,33.33,15,45.45,17.0,51.52,JURI,17.0,Jurídico
224,1,4,2,1,2,1,1,2,2,2,2,0,1,2,1,2,2,2,1,1,1,1,2,2,1,1,2,2,0.0,1,1,1,2,1,1,2,2,1,0,1,2,0,2,2,0,1,2,2,1,2,2,1.0,0,2,2,2,1,1,2,0,2,2,1,0,1,2,2,0,0,2,0,2,1,2,0,1,2,1,0,2,2,2,1,0,1,0,2,0,1,0,2,2,0,0,1,1,2,2,1,0,0,1,2,2,2,2,2,1,2,2,2,1,0,1,1,1,2,2,1,2,0,2,1,1,1,2,0,0,2,0,2,2,1,2,2,2,0,2,1,2,1,1,2,1,2,27,49,67,0,18.88,34.27,46.85,0.0,116,81.12,Masculino,13.0,39.39,14,42.42,18,54.55,11,33.33,15,45.45,12,36.36,15,45.45,12,36.36,14,42.42,12,36.36,13.0,39.39,CCNA,18.0,Ciencias Naturales
225,1,5,1,1,2,1,2,2,1,1,1,2,1,1,1,1,2,1,1,2,2,1,1,2,2,2,2,1,2.0,1,2,2,2,1,1,2,2,1,2,2,2,2,2,1,2,2,2,1,1,2,1,1.0,2,2,2,2,12,1,2,2,2,2,1,2,2,1,2,1,2,1,1,1,1,2,1,1,1,1,2,2,1,1,1,2,2,2,2,1,2,1,2,2,1,2,2,1,2,2,2,1,2,2,2,2,2,1,1,1,2,2,2,1,2,1,1,2,1,2,2,1,2,1,2,2,2,2,1,2,1,1,1,1,1,1,1,2,2,2,2,1,1,1,1,2,1,0,66,76,0,0.0,46.15,53.15,0.0,143,100.0,Masculino,15.0,45.45,17,51.52,13,39.39,18,54.55,21,63.64,19,57.58,17,51.52,14,42.42,17,51.52,16,48.48,16.0,48.48,ARTE,21.0,Artes
226,1,5,1,2,2,2,2,2,2,2,1,2,2,1,1,2,1,2,2,2,2,1,1,1,1,2,2,1,1.0,1,2,2,2,2,1,2,2,3,2,2,1,2,1,1,1,1,2,1,1,2,1,2.0,2,1,1,1,2,2,2,2,1,1,2,2,2,1,2,1,2,1,1,2,2,1,1,2,2,2,1,1,1,2,1,2,2,1,2,1,1,1,2,2,2,2,1,1,2,2,1,1,1,1,1,2,0,1,2,2,1,2,2,1,1,2,1,2,2,2,1,1,1,1,2,2,2,2,1,3,2,2,2,1,1,1,1,1,1,1,2,1,1,1,2,2,1,1,68,72,2,0.7,47.55,50.35,1.4,142,99.3,Masculino,15.0,45.45,15,45.45,15,45.45,19,57.58,20,60.61,18,54.55,15,45.45,14,42.42,17,51.52,18,54.55,22.0,66.67,JURI,22.0,Jurídico
227,1,5,2,1,1,1,1,2,0,1,1,1,1,2,1,1,1,1,2,1,2,2,2,0,2,2,2,3,1.0,2,1,2,2,2,0,1,1,2,1,1,2,2,1,1,2,2,2,2,2,1,2,2.0,2,1,0,2,1,2,0,1,2,1,1,2,1,3,1,2,0,1,1,1,0,2,1,2,2,2,1,1,0,2,2,3,0,1,21,2,2,2,2,2,3,2,0,0,2,2,1,2,2,0,1,0,1,2,0,2,2,1,1,1,2,1,2,1,1,2,2,2,0,1,2,1,1,2,1,1,1,2,2,2,1,3,2,1,1,1,3,1,1,2,1,0,2,16,58,62,6,11.19,40.56,43.36,4.2,127,88.81,Masculino,13.0,39.39,14,42.42,13,39.39,19,57.58,12,36.36,14,42.42,17,51.52,15,45.45,12,36.36,18,54.55,15.0,45.45,CCCO,19.0,Ciencias de la Comunicación
228,0,5,2,1,2,2,1,1,1,2,1,1,1,1,2,2,2,2,2,0,2,0,2,2,1,1,2,0,2.0,1,2,2,2,0,0,0,0,1,0,2,1,2,0,0,2,2,0,2,0,0,1,2.0,1,0,0,0,0,2,2,2,0,2,0,3,2,1,0,2,0,3,0,1,0,0,0,0,0,2,1,0,1,1,0,0,0,0,2,2,2,1,2,2,2,0,2,0,1,2,0,1,0,0,1,2,0,2,0,0,0,0,1,0,0,2,0,1,1,2,0,2,2,2,2,2,2,2,2,2,2,2,1,1,2,0,1,2,0,0,0,2,2,1,1,2,2,50,32,59,2,34.97,22.38,41.26,1.4,93,65.03,Femenino,15.0,45.45,9,27.27,12,36.36,15,45.45,13,39.39,7,21.21,8,24.24,14,42.42,9,27.27,13,39.39,16.0,48.48,JURI,16.0,Jurídico
229,0,5,2,1,1,1,1,1,1,1,1,1,1,2,2,2,2,2,1,2,1,1,2,1,2,3,2,1,2.0,3,0,1,2,1,0,0,1,0,0,2,2,2,2,2,0,0,0,1,3,0,0,1.0,2,0,2,1,0,0,2,0,0,2,0,0,0,0,0,0,0,0,0,3,1,1,0,0,0,2,2,0,0,0,0,1,1,0,2,2,0,0,3,2,3,0,0,0,0,3,2,0,0,0,0,2,3,3,0,0,0,0,2,0,3,2,1,0,0,3,2,0,2,0,3,0,0,0,0,0,0,1,1,2,2,1,2,0,0,0,3,3,2,2,1,2,2,60,30,39,14,41.96,20.98,27.27,9.79,83,58.04,Femenino,12.0,36.36,12,36.36,7,21.21,7,21.21,16,48.48,6,18.18,12,36.36,15,45.45,6,18.18,5,15.15,14.0,42.42,ARTE,16.0,Artes
230,0,5,2,1,2,0,1,0,0,0,0,0,0,2,3,2,2,2,2,3,0,0,2,2,0,0,2,2,1.0,1,2,1,2,0,0,2,2,0,0,3,1,0,1,0,2,1,2,2,1,2,0,0.0,2,1,2,0,0,0,1,2,2,2,2,2,2,0,1,2,1,0,0,0,0,0,0,0,0,0,2,0,0,0,0,1,1,0,1,0,0,0,0,2,0,0,0,0,0,1,0,2,0,0,2,2,0,2,0,2,2,2,2,1,1,2,0,0,1,2,0,0,0,0,2,1,2,2,1,2,0,0,2,0,3,2,1,1,1,0,2,2,1,0,1,2,2,62,27,50,4,43.36,18.88,34.97,2.8,81,56.64,Femenino,12.0,36.36,10,30.3,9,27.27,11,33.33,14,42.42,7,21.21,12,36.36,12,36.36,11,33.33,4,12.12,6.0,18.18,ARTE,14.0,Artes
231,1,5,2,1,1,1,1,0,0,0,2,0,0,2,0,2,0,3,2,2,2,2,2,2,2,2,2,1,1.0,1,2,0,3,2,2,2,2,2,1,1,2,2,2,1,2,2,1,2,2,2,1,2.0,2,2,2,1,2,2,2,3,3,1,2,2,2,1,0,1,1,2,0,1,2,1,2,2,2,2,2,2,2,2,2,2,3,2,3,3,2,2,2,1,1,2,2,2,1,2,1,2,2,2,2,2,2,2,1,2,2,0,1,1,2,2,2,2,2,2,2,1,1,1,0,1,1,2,2,2,2,2,2,2,0,1,2,2,0,2,2,2,2,2,2,2,2,14,32,90,7,9.79,22.38,62.94,4.9,129,90.21,Masculino,16.0,48.48,14,42.42,20,60.61,12,36.36,18,54.55,17,51.52,21,63.64,20,60.61,22,66.67,19,57.58,19.0,57.58,FINA,22.0,Finanzas
232,1,5,2,1,2,2,2,1,2,1,1,2,2,2,1,1,1,2,0,1,2,1,2,1,1,2,2,2,1.0,2,3,2,2,2,2,1,1,1,1,2,2,2,2,2,2,2,2,2,1,1,1,1.0,1,1,1,2,2,2,2,2,1,1,2,2,2,2,2,1,1,1,1,2,2,1,1,0,2,2,2,2,2,2,2,1,2,1,1,2,2,2,2,1,1,2,2,1,1,1,1,1,1,2,2,1,1,1,2,2,2,1,1,2,2,1,1,1,2,2,2,1,0,1,2,2,2,1,2,2,2,1,2,1,1,2,2,1,1,2,1,1,2,1,2,2,2,3,61,78,1,2.1,42.66,54.55,0.7,140,97.9,Masculino,16.0,48.48,17,51.52,20,60.61,15,45.45,18,54.55,19,57.58,15,45.45,14,42.42,15,45.45,17,51.52,18.0,54.55,CCNA,20.0,Ciencias Naturales
234,1,5,2,1,1,2,1,1,1,2,2,1,1,2,2,1,0,0,0,1,2,2,2,2,1,2,2,1,1.0,0,1,0,1,2,2,2,0,2,2,0,1,1,0,0,0,0,0,2,2,1,0,0.0,0,2,1,2,2,0,0,2,0,2,2,0,2,0,2,1,2,0,2,2,1,1,2,0,0,1,2,1,2,2,2,0,0,1,2,2,2,1,0,2,1,0,0,1,2,2,0,0,0,1,1,0,0,2,0,0,0,0,0,2,2,2,0,0,0,2,0,0,1,2,2,1,2,0,2,2,2,1,1,1,2,1,1,1,1,1,1,2,1,1,1,2,2,44,43,56,0,30.77,30.07,39.16,0.0,99,69.23,Masculino,11.0,33.33,9,27.27,10,30.3,9,27.27,9,27.27,14,42.42,13,39.39,20,60.61,13,39.39,9,27.27,10.0,30.3,HAA,20.0,Humanidades y Arquitectura
235,1,5,2,2,2,1,2,1,1,1,1,1,1,2,2,2,2,2,2,2,0,1,2,2,1,2,2,1,2.0,2,1,1,2,2,2,1,1,1,1,2,2,2,2,2,1,2,2,2,2,2,1,2.0,2,2,2,1,2,1,2,1,1,2,2,1,0,2,2,2,2,2,2,2,1,2,2,2,1,2,2,2,1,2,1,1,2,1,2,2,1,2,1,2,1,2,1,1,1,2,2,2,2,2,1,1,1,2,1,1,1,1,2,1,1,1,1,1,2,2,2,0,1,1,1,1,1,1,2,2,2,2,2,2,2,1,2,1,2,2,1,2,2,2,2,1,2,3,57,83,0,2.1,39.86,58.04,0.0,140,97.9,Masculino,18.0,54.55,17,51.52,17,51.52,13,39.39,21,63.64,14,42.42,16,48.48,19,57.58,18,54.55,14,42.42,16.0,48.48,ARTE,21.0,Artes
236,1,5,3,2,2,2,1,1,1,1,2,1,1,1,3,1,2,0,2,2,2,3,2,2,1,2,2,2,1.0,2,1,2,0,2,1,1,2,1,1,1,1,31,1,2,0,2,1,0,2,2,1,1.0,2,1,1,2,2,1,1,1,2,2,1,2,1,2,1,2,1,1,1,1,2,1,2,1,2,1,1,1,1,1,1,2,2,1,1,2,3,2,1,2,2,2,1,1,3,2,1,1,2,2,2,3,1,2,2,2,1,3,1,1,3,1,1,2,3,2,1,2,1,2,2,1,2,2,1,1,2,2,2,1,3,2,1,1,2,1,2,1,1,2,2,2,3,4,65,62,11,2.8,45.45,43.36,7.69,139,97.2,Masculino,18.0,54.55,17,51.52,14,42.42,19,57.58,15,45.45,15,45.45,17,51.52,17,51.52,18,54.55,18,54.55,18.0,54.55,CCCO,19.0,Ciencias de la Comunicación
237,0,5,0,1,1,0,1,1,1,0,0,2,0,2,1,2,1,1,2,2,0,0,2,2,0,0,2,0,0.0,1,1,2,0,2,2,2,2,0,2,2,0,0,0,0,0,1,2,2,1,0,2,0.0,1,0,2,0,2,0,0,2,2,2,0,2,2,2,1,0,1,2,2,0,2,2,2,0,2,0,2,0,1,1,0,0,1,0,2,2,0,1,0,2,2,2,1,1,1,1,0,1,1,0,2,2,2,0,2,1,1,0,2,2,2,0,0,1,0,2,1,1,1,0,2,2,2,2,2,2,0,2,2,0,1,0,1,0,1,0,2,0,1,0,0,2,0,52,35,56,0,36.36,24.48,39.16,0.0,91,63.64,Femenino,11.0,33.33,8,24.24,10,30.3,9,27.27,11,33.33,13,39.39,18,54.55,14,42.42,7,21.21,12,36.36,8.0,24.24,CCEP,18.0,Ciencias Económico-Políticas
238,0,5,0,1,0,0,0,0,0,1,0,1,0,2,0,2,2,0,0,0,0,0,2,3,1,0,2,2,0.0,0,0,1,0,0,0,0,2,1,1,3,0,2,0,0,0,2,0,2,0,0,1,1.0,1,3,0,2,0,0,1,2,2,2,0,1,1,1,0,0,1,0,1,1,0,0,1,0,0,0,2,0,0,0,1,1,1,0,2,0,0,0,0,0,1,0,2,0,0,3,0,0,0,0,0,0,1,2,0,0,0,0,0,0,0,0,0,2,0,2,0,0,0,0,2,2,2,2,2,2,2,0,1,0,0,2,0,3,0,0,1,2,0,0,2,0,0,83,25,30,5,58.04,17.48,20.98,3.5,60,41.96,Femenino,4.0,12.12,10,30.3,1,3.03,8,24.24,10,30.3,4,12.12,9,27.27,10,30.3,7,21.21,9,27.27,5.0,15.15,CCSS,10.0,Ciencias Sociales
240,0,5,2,1,0,1,0,1,0,0,0,0,0,2,0,0,2,2,2,2,1,0,2,2,0,2,2,1,1.0,1,2,1,2,2,2,2,2,0,0,2,1,2,1,0,2,2,2,2,2,2,1,2.0,2,0,0,0,0,0,2,2,2,2,2,2,2,2,1,2,2,1,0,0,0,0,2,0,0,0,2,2,2,0,1,2,0,0,2,0,0,1,0,1,2,0,1,1,0,1,0,2,0,0,1,0,1,0,0,1,2,0,2,1,1,0,2,0,0,2,2,0,1,1,2,1,2,0,0,2,2,2,0,0,0,0,1,0,1,0,2,2,2,0,2,0,2,55,29,59,0,38.46,20.28,41.26,0.0,88,61.54,Femenino,9.0,27.27,10,30.3,11,33.33,10,30.3,13,39.39,11,33.33,13,39.39,12,36.36,14,42.42,7,21.21,10.0,30.3,FINA,14.0,Finanzas
243,0,5,2,1,0,1,0,1,0,0,0,0,0,2,0,0,2,2,2,2,1,0,2,2,0,2,2,1,1.0,1,2,1,2,2,2,2,2,0,0,2,1,2,1,0,2,2,2,2,2,2,1,2.0,2,0,0,0,0,0,2,2,2,2,2,2,2,2,1,2,2,1,0,0,0,0,2,0,0,0,2,2,2,0,1,2,1,0,2,0,0,1,0,1,2,0,1,1,0,1,0,2,0,0,1,0,1,1,0,1,2,0,2,1,1,0,2,0,0,2,2,0,1,1,2,1,2,0,0,2,2,2,0,0,0,1,1,0,1,0,2,2,2,0,2,0,2,52,32,59,0,36.36,22.38,41.26,0.0,91,63.64,Femenino,9.0,27.27,11,33.33,11,33.33,10,30.3,14,42.42,11,33.33,13,39.39,12,36.36,14,42.42,7,21.21,10.0,30.3,ARTE,14.0,Artes
244,1,5,0,1,0,0,2,0,0,0,0,0,0,2,2,2,2,0,0,2,0,0,2,0,0,3,2,0,0.0,1,0,0,0,1,0,0,0,0,0,2,2,0,1,2,0,1,2,1,0,2,2,2.0,2,2,0,1,0,1,0,0,0,0,1,2,3,2,0,2,0,2,3,2,0,0,2,3,2,3,2,0,2,0,2,1,0,2,2,2,0,0,0,2,2,1,1,0,0,2,2,2,1,0,0,3,0,0,0,2,2,2,2,0,1,3,3,1,2,2,3,0,0,0,2,0,0,0,0,3,0,0,2,2,2,0,2,2,0,0,2,1,3,2,1,2,0,65,17,50,11,45.45,11.89,34.97,7.69,78,54.55,Masculino,9.0,27.27,9,27.27,10,30.3,11,33.33,11,33.33,7,21.21,8,24.24,11,33.33,15,45.45,9,27.27,17.0,51.52,JURI,17.0,Jurídico
245,0,5,1,2,2,1,2,1,1,2,1,2,1,2,1,2,2,2,1,2,1,1,2,2,1,2,2,1,1.0,1,2,2,2,2,2,2,1,2,2,2,1,1,2,1,2,2,2,1,2,2,2,2.0,2,2,2,1,1,2,1,2,2,2,2,2,2,1,2,1,1,1,1,1,1,1,2,2,1,2,2,2,2,2,2,2,1,2,1,2,2,1,2,2,2,1,1,2,1,1,1,1,1,1,2,2,1,2,2,1,2,2,2,1,1,2,1,2,2,2,2,2,2,1,2,2,2,2,2,2,3,2,2,2,2,1,1,2,2,2,2,2,2,1,2,2,1,0,52,90,1,0.0,36.36,62.94,0.7,143,100.0,Femenino,17.0,51.52,16,48.48,17,51.52,18,54.55,18,54.55,17,51.52,15,45.45,21,63.64,18,54.55,19,57.58,21.0,63.64,HAA,21.0,Humanidades y Arquitectura
246,0,5,2,1,1,2,2,1,1,1,0,0,3,2,3,3,3,3,2,2,2,2,2,2,1,2,2,3,3.0,1,3,3,2,2,0,2,2,2,1,2,3,2,1,1,2,1,2,2,3,3,3,2.0,2,1,1,2,2,3,3,2,2,2,2,2,1,1,1,2,1,3,2,3,1,2,2,2,1,2,1,1,2,2,2,1,1,1,3,2,1,1,3,3,1,1,1,1,1,1,3,3,1,1,1,1,0,1,1,3,1,1,3,1,1,1,1,1,2,0,1,1,3,3,3,3,1,2,1,1,3,1,2,1,3,3,3,1,1,2,2,1,1,1,3,2,2,5,57,48,33,3.5,39.86,33.57,23.08,138,96.5,Femenino,21.0,63.64,21,63.64,23,69.7,21,63.64,22,66.67,18,54.55,20,60.61,18,54.55,16,48.48,16,48.48,21.0,63.64,CCNA,23.0,Ciencias Naturales
249,0,5,2,1,1,2,1,1,1,1,0,3,3,2,3,3,3,3,2,2,2,2,2,2,1,1,2,2,2.0,2,2,2,2,2,2,2,1,2,1,2,3,1,2,3,1,2,3,1,1,2,3,2.0,2,1,2,1,3,1,2,1,1,2,1,2,1,1,2,3,1,2,3,1,1,2,2,1,2,1,1,1,2,2,3,1,1,2,3,1,2,1,1,2,3,1,2,3,1,1,1,2,2,2,3,3,1,1,1,2,1,2,3,1,2,3,1,1,1,0,3,2,2,2,2,2,2,3,1,1,3,1,2,1,3,2,3,1,2,1,3,1,3,1,2,2,2,2,54,59,28,1.4,37.76,41.26,19.58,141,98.6,Femenino,22.0,66.67,20,60.61,26,78.79,18,54.55,19,57.58,17,51.52,22,66.67,18,54.55,16,48.48,22,66.67,17.0,51.52,CCNA,26.0,Ciencias Naturales
250,1,5,3,1,2,2,1,2,3,2,2,1,1,2,2,3,2,0,2,1,1,1,2,1,1,1,2,2,0.0,0,0,2,3,0,0,0,0,1,1,2,3,0,1,2,0,0,0,1,0,2,1,3.0,2,2,3,3,0,2,3,0,3,2,1,3,3,3,3,1,0,0,1,1,1,1,0,2,1,3,2,0,0,3,2,1,1,1,0,2,3,3,3,2,2,0,2,0,0,1,1,0,0,0,0,0,0,0,2,0,1,2,0,1,0,3,0,0,0,0,0,0,1,2,0,0,1,2,0,2,0,0,0,0,2,2,3,2,3,0,2,0,2,0,0,0,3,52,31,37,23,36.36,21.68,25.87,16.08,91,63.64,Masculino,14.0,42.42,15,45.45,12,36.36,14,42.42,14,42.42,8,24.24,13,39.39,11,33.33,15,45.45,11,33.33,15.0,45.45,CCSS,15.0,Ciencias Sociales
252,1,4,2,3,1,3,3,1,3,1,2,2,1,3,1,1,3,1,3,1,3,1,3,1,3,1,2,1,3.0,1,1,3,1,3,0,1,1,0,0,3,0,1,3,1,2,1,2,1,2,1,2,1.0,2,1,1,3,1,3,1,3,1,1,3,3,1,1,3,1,3,2,3,0,0,1,1,3,3,1,1,3,1,1,3,1,3,3,1,1,1,3,3,1,1,1,3,2,2,3,1,3,1,3,0,3,3,1,1,2,3,3,0,0,3,2,1,2,3,0,3,1,2,3,0,3,2,1,1,2,3,0,3,1,1,2,3,2,1,2,3,3,0,2,2,1,3,13,57,23,50,9.09,39.86,16.08,34.97,130,90.91,Masculino,14.0,42.42,26,78.79,21,63.64,25,75.76,17,51.52,20,60.61,18,54.55,17,51.52,18,54.55,23,69.7,16.0,48.48,CCSS,26.0,Ciencias Sociales
253,1,4,3,3,3,3,3,3,3,3,3,3,3,3,3,3,3,3,3,3,3,3,3,3,3,3,3,3,3.0,3,3,3,3,3,3,3,3,3,3,3,3,1,2,3,3,3,2,2,2,2,2,3.0,2,2,3,3,3,3,2,3,3,3,3,2,2,2,2,3,1,1,1,1,2,2,3,3,3,0,0,0,1,3,3,1,1,3,1,1,3,1,3,3,3,2,2,2,2,2,1,1,1,1,2,1,2,1,1,2,1,2,2,1,2,2,2,1,2,3,1,3,2,1,2,1,2,1,2,1,2,1,3,1,3,3,1,2,1,1,1,2,1,2,2,1,3,3,34,38,68,2.1,23.78,26.57,47.55,140,97.9,Masculino,26.0,78.79,27,81.82,24,72.73,25,75.76,22,66.67,24,72.73,22,66.67,25,75.76,25,75.76,24,72.73,23.0,69.7,CCSS,27.0,Ciencias Sociales
254,1,5,2,1,3,2,1,1,0,1,0,0,1,3,3,2,2,0,2,2,0,0,3,0,0,0,2,0,0.0,0,3,2,2,2,0,2,2,0,2,3,1,2,1,2,0,0,2,1,1,3,3,0.0,0,0,1,2,2,3,2,3,3,1,3,3,2,3,3,1,3,2,1,2,3,2,0,1,3,1,2,3,1,0,3,2,2,3,2,2,3,1,0,3,0,2,1,2,1,3,0,2,1,2,1,3,1,3,2,1,1,3,3,1,3,2,1,3,2,1,2,2,1,2,1,3,2,0,2,1,1,2,1,3,2,3,2,2,3,2,2,2,2,3,1,2,1,25,34,49,35,17.48,23.78,34.27,24.48,118,82.52,Masculino,17.0,51.52,15,45.45,22,66.67,19,57.58,23,69.7,19,57.58,15,45.45,17,51.52,18,54.55,18,54.55,14.0,42.42,ARTE,23.0,Artes
255,1,5,3,1,3,0,0,0,1,0,1,2,1,3,2,2,2,2,2,2,0,3,0,2,0,3,2,0,0.0,0,0,0,0,0,0,0,3,0,1,3,2,0,2,2,0,0,2,1,0,2,1,0.0,2,0,0,0,2,2,2,0,1,0,2,0,2,2,0,0,0,0,0,3,0,1,0,0,0,0,3,0,3,3,3,1,1,0,2,2,0,2,2,2,1,0,2,0,0,1,0,0,0,0,0,0,3,2,0,0,0,0,3,0,0,2,1,0,2,2,0,0,1,0,2,0,2,0,2,2,0,0,2,0,0,0,2,0,0,0,1,2,0,0,2,3,3,72,16,39,16,50.35,11.19,27.27,11.19,71,49.65,Masculino,8.0,24.24,11,33.33,14,42.42,7,21.21,12,36.36,4,12.12,10,30.3,8,24.24,13,39.39,5,15.15,13.0,39.39,CCNA,14.0,Ciencias Naturales
256,1,5,1,1,1,2,2,1,1,1,1,2,2,1,2,2,2,1,2,0,3,1,1,1,1,1,2,3,1.0,1,2,3,2,2,1,1,1,1,2,1,1,1,1,1,1,2,2,1,1,2,2,2.0,2,1,2,1,3,1,0,2,1,0,1,3,0,0,0,1,0,1,0,1,1,1,1,1,0,2,2,0,1,2,2,2,0,1,1,1,2,1,1,2,2,1,1,2,2,2,2,2,0,0,2,2,2,1,1,2,2,2,2,1,1,3,1,2,2,1,1,2,1,2,1,2,1,1,1,1,1,2,1,1,1,1,2,1,2,2,2,2,3,2,2,2,1,13,68,55,7,9.09,47.55,38.46,4.9,130,90.91,Masculino,14.0,42.42,13,39.39,19,57.58,17,51.52,15,45.45,18,54.55,13,39.39,12,36.36,14,42.42,17,51.52,18.0,54.55,CCNA,19.0,Ciencias Naturales
257,0,5,0,0,1,0,0,1,0,1,0,0,1,1,1,2,0,0,0,2,2,3,1,2,0,2,3,1,0.0,0,2,0,3,0,0,2,2,0,0,2,3,2,0,2,0,0,2,0,2,1,0,0.0,2,2,2,2,0,0,3,0,0,0,0,0,3,1,2,0,0,2,0,2,1,2,1,0,0,0,2,2,0,3,0,0,1,0,2,1,0,0,1,3,0,0,3,3,3,0,0,0,0,0,0,0,0,0,0,0,0,0,0,0,0,0,0,0,0,0,0,0,0,0,0,0,0,0,0,0,0,0,0,0,0,0,2,0,3,0,0,2,3,0,2,0,0,88,15,27,13,61.54,10.49,18.88,9.09,55,38.46,Femenino,6.0,18.18,8,24.24,12,36.36,3,9.09,14,42.42,6,18.18,7,21.21,10,30.3,8,24.24,0,0.0,9.0,27.27,ARTE,14.0,Artes
260,1,5,0,1,2,1,0,0,0,3,0,2,0,2,2,0,0,1,2,1,0,2,1,2,0,3,0,0,2.0,2,1,0,3,2,2,0,2,1,0,0,0,0,0,0,2,0,0,2,2,1,1,1.0,2,0,1,2,3,2,0,1,0,3,3,1,3,0,3,0,0,0,0,1,2,3,2,0,1,2,0,2,2,0,1,2,0,2,1,2,1,0,2,1,2,1,2,3,2,2,2,2,1,0,1,1,1,1,2,2,1,2,2,1,0,2,1,2,2,1,2,1,2,0,2,3,2,2,1,1,3,2,2,1,2,1,1,2,3,1,0,2,1,2,1,1,3,39,39,51,14,27.27,27.27,35.66,9.79,104,72.73,Masculino,11.0,33.33,12,36.36,13,39.39,17,51.52,15,45.45,13,39.39,14,42.42,19,57.58,12,36.36,14,42.42,17.0,51.52,HAA,19.0,Humanidades y Arquitectura
261,0,5,0,1,0,0,0,0,0,0,0,0,1,3,3,2,0,0,0,0,0,0,0,0,0,1,2,2,0.0,0,0,2,2,0,0,0,0,2,2,2,0,0,1,0,0,0,0,1,0,0,0,1.0,2,2,0,0,0,0,0,0,0,0,0,0,2,2,0,0,0,0,0,0,0,0,0,0,0,0,2,1,0,0,1,0,1,0,1,0,1,1,2,2,2,1,1,1,0,1,0,1,1,0,2,1,2,2,0,0,1,0,2,1,0,0,0,0,1,2,2,1,0,0,2,0,0,0,0,2,0,1,2,2,2,2,2,2,2,2,2,2,2,2,1,2,0,79,25,37,2,55.24,17.48,25.87,1.4,64,44.76,Femenino,6.0,18.18,5,15.15,5,15.15,6,18.18,8,24.24,3,9.09,5,15.15,3,9.09,5,15.15,7,21.21,13.0,39.39,JURI,13.0,Jurídico
262,0,5,3,3,1,3,1,2,2,3,2,1,1,1,1,2,2,3,3,1,1,0,3,1,0,3,3,2,2.0,1,3,2,3,0,0,3,3,3,3,2,2,3,3,0,3,3,0,0,3,3,0,3.0,3,0,2,0,3,2,1,2,2,3,3,3,3,1,3,1,0,1,0,1,0,3,3,3,3,3,3,2,1,1,3,2,3,1,2,1,1,1,1,3,1,3,3,3,3,2,2,1,0,0,2,3,0,3,1,3,3,3,3,1,1,2,1,3,3,1,3,1,2,3,3,3,2,2,1,3,3,3,1,2,1,2,3,3,3,2,3,3,3,1,1,0,3,17,35,27,64,11.89,24.48,18.88,44.76,126,88.11,Femenino,20.0,60.61,20,60.61,26,78.79,27,81.82,24,72.73,13,39.39,16,48.48,25,75.76,23,69.7,20,60.61,27.0,81.82,CCCO,27.0,Ciencias de la Comunicación
264,1,5,2,1,1,1,2,0,2,0,1,1,0,1,2,3,1,2,3,2,1,2,2,2,1,0,2,2,2.0,2,0,2,2,0,0,2,2,0,1,2,1,0,1,1,0,0,2,1,2,3,0,2.0,2,1,0,1,0,1,1,0,2,1,1,0,2,1,2,2,0,0,0,0,0,0,0,1,0,2,2,0,2,0,0,0,0,0,0,0,0,0,0,0,0,0,0,0,0,0,0,2,0,2,1,2,2,2,1,3,3,0,0,0,0,1,1,3,2,2,0,3,3,3,0,0,0,3,1,2,3,1,1,2,2,2,0,2,0,2,2,2,1,2,0,2,0,56,30,46,11,39.16,20.98,32.17,7.69,87,60.84,Masculino,17.0,51.52,14,42.42,10,30.3,9,27.27,7,21.21,5,15.15,14,42.42,11,33.33,16,48.48,11,33.33,12.0,36.36,CCFM,17.0,Ciencias Físico-Matemáticas
265,0,5,1,0,2,1,2,1,1,1,2,2,1,3,2,2,0,0,2,2,0,1,2,0,0,1,2,2,2.0,1,0,2,2,0,0,2,2,0,1,3,2,0,1,0,0,0,2,1,0,2,2,0.0,2,2,0,0,2,0,0,0,0,0,0,0,0,0,0,2,2,0,0,0,0,0,0,0,0,0,0,0,2,1,0,0,0,0,0,0,1,0,1,2,0,0,0,0,0,1,0,0,0,0,0,0,0,0,0,0,0,0,2,0,0,0,0,0,0,0,0,0,0,1,2,0,0,0,0,0,0,0,0,0,2,0,2,0,0,0,0,0,0,0,0,0,0,93,17,31,2,65.03,11.89,21.68,1.4,50,34.97,Femenino,11.0,33.33,5,15.15,7,21.21,7,21.21,9,27.27,3,9.09,3,9.09,5,15.15,7,21.21,4,12.12,4.0,12.12,CCFM,11.0,Ciencias Físico-Matemáticas
268,0,5,0,1,0,0,0,0,0,0,0,0,0,1,2,2,2,0,1,0,0,0,0,2,1,0,2,0,0.0,0,2,3,2,2,0,0,0,1,0,2,0,1,1,0,0,0,3,0,0,0,1,0.0,0,1,0,1,0,0,0,0,0,2,2,1,2,0,0,1,0,1,0,0,0,0,0,0,0,0,1,2,0,1,0,0,0,0,2,2,1,1,1,2,2,0,0,1,1,1,0,1,0,1,2,3,0,1,0,0,2,2,2,3,0,0,0,1,2,2,0,0,0,0,2,2,2,2,2,2,1,0,3,0,2,1,0,1,0,0,0,0,0,2,0,0,2,78,28,32,5,54.55,19.58,22.38,3.5,65,45.45,Femenino,6.0,18.18,7,21.21,6,18.18,10,30.3,7,21.21,10,30.3,5,15.15,6,18.18,8,24.24,11,33.33,8.0,24.24,LING,11.0,Lingüística
270,0,5,1,1,1,0,0,1,0,0,3,0,1,3,2,3,2,0,2,2,2,3,2,3,0,3,2,2,0.0,1,2,0,0,1,1,0,1,0,0,2,2,1,1,2,0,0,2,1,0,0,2,2.0,2,0,0,0,0,0,0,0,0,2,2,0,3,2,0,2,1,0,0,2,1,1,0,0,2,2,2,0,0,0,0,1,1,0,2,0,0,0,0,2,2,0,1,0,0,3,0,2,0,0,0,1,0,2,0,0,2,0,2,0,0,2,1,0,0,2,2,0,0,0,2,0,2,0,2,2,3,0,0,0,0,2,2,0,0,0,2,2,2,0,1,2,0,69,21,44,9,48.25,14.69,30.77,6.29,74,51.75,Femenino,7.0,21.21,9,27.27,9,27.27,5,15.15,10,30.3,9,27.27,12,36.36,10,30.3,14,42.42,7,21.21,13.0,39.39,FINA,14.0,Finanzas
271,1,5,3,0,0,1,3,2,1,3,1,0,0,3,1,1,1,0,2,1,1,0,1,3,0,0,3,0,0.0,0,0,2,1,2,1,0,1,2,2,2,0,2,0,3,1,1,1,2,1,2,2,3.0,0,1,1,0,2,1,3,0,0,1,1,0,1,0,1,1,2,2,1,0,3,0,1,3,1,0,3,0,1,2,2,2,1,2,3,0,3,3,0,1,3,2,2,1,2,1,1,0,2,2,2,2,0,1,0,1,2,3,0,2,3,1,2,2,1,2,1,2,3,0,2,2,0,1,0,1,3,1,2,1,1,1,1,1,1,2,2,1,3,3,1,2,1,34,50,37,22,23.78,34.97,25.87,15.38,109,76.22,Masculino,14.0,42.42,12,36.36,13,39.39,18,54.55,14,42.42,16,48.48,13,39.39,11,33.33,22,66.67,18,54.55,11.0,33.33,FINA,22.0,Finanzas
273,1,4,2,0,0,0,3,1,1,1,1,0,0,2,0,1,1,0,2,1,0,0,1,2,0,0,2,0,0.0,0,2,2,2,3,0,0,3,0,2,2,0,0,0,1,0,1,0,1,1,2,1,0.0,3,0,0,2,1,1,0,2,0,2,2,2,2,2,2,1,1,1,2,1,2,2,3,2,2,1,2,3,0,3,2,2,3,0,2,2,1,0,2,2,0,3,2,0,3,2,0,3,1,2,3,2,3,1,2,3,2,0,2,1,2,2,2,3,2,3,2,3,2,2,1,1,0,3,3,2,3,3,2,2,3,2,3,2,0,3,0,3,3,3,1,2,2,37,27,52,27,25.87,18.88,36.36,18.88,106,74.13,Masculino,15.0,45.45,16,48.48,14,42.42,15,45.45,16,48.48,12,36.36,14,42.42,19,57.58,22,66.67,17,51.52,15.0,45.45,FINA,22.0,Finanzas
275,0,4,2,3,3,3,0,0,3,0,2,3,1,1,1,3,2,2,3,2,2,3,3,2,0,3,2,3,3.0,3,0,3,0,0,0,0,2,0,0,0,2,0,0,0,0,0,0,0,0,0,0,0.0,0,0,2,0,0,0,0,0,0,0,0,0,0,0,0,0,2,0,0,0,2,0,2,0,1,0,3,3,2,2,3,2,1,0,0,3,0,3,3,2,2,0,0,3,3,1,0,3,0,0,3,0,3,2,3,1,1,3,1,3,3,3,0,3,2,0,0,3,0,2,0,3,2,0,3,2,2,0,3,2,0,3,2,0,3,2,0,3,2,0,3,2,0,65,9,30,39,45.45,6.29,20.98,27.27,78,54.55,Femenino,18.0,54.55,16,48.48,16,48.48,17,51.52,11,33.33,11,33.33,12,36.36,17,51.52,10,30.3,15,45.45,12.0,36.36,CCFM,18.0,Ciencias Físico-Matemáticas
276,0,4,0,0,1,0,0,0,0,0,1,0,0,1,0,3,0,3,2,2,0,0,1,3,1,3,3,0,3.0,1,1,3,3,0,0,3,3,0,0,3,0,2,1,0,0,1,1,0,3,0,0,3.0,0,3,0,0,3,3,3,3,0,3,2,0,2,0,0,1,0,0,0,3,1,0,0,0,3,3,3,0,0,3,3,3,3,3,3,3,3,0,3,2,0,3,3,3,3,3,3,3,3,3,3,3,3,2,0,0,0,0,0,0,0,3,3,3,0,0,0,0,0,0,0,0,3,3,3,3,3,3,3,3,2,3,3,3,3,3,3,3,3,3,3,3,0,57,12,8,66,39.86,8.39,5.59,46.15,86,60.14,Femenino,14.0,42.42,11,33.33,17,51.52,17,51.52,21,63.64,17,51.52,12,36.36,25,75.76,24,72.73,16,48.48,23.0,69.7,HAA,25.0,Humanidades y Arquitectura
277,1,4,0,3,0,0,0,0,0,1,0,0,1,1,0,2,0,0,0,0,1,0,1,0,0,1,2,2,0.0,0,0,0,2,0,0,2,2,0,1,1,0,0,0,0,0,0,0,0,0,0,0,0.0,0,0,0,1,0,3,0,3,3,3,3,0,1,2,3,3,3,2,1,2,3,1,0,3,1,1,2,0,2,3,1,0,1,0,0,3,1,1,1,3,0,2,3,3,3,3,0,1,1,1,0,2,3,3,1,2,3,0,1,1,0,3,3,1,1,1,3,1,3,3,1,3,3,3,0,3,1,0,3,3,3,2,0,1,3,3,3,0,3,1,3,1,2,55,34,16,38,38.46,23.78,11.19,26.57,88,61.54,Masculino,14.0,42.42,20,60.61,12,36.36,9,27.27,15,45.45,14,42.42,11,33.33,14,42.42,19,57.58,5,15.15,12.0,36.36,CCSS,20.0,Ciencias Sociales
278,0,4,0,1,3,1,0,1,1,0,1,0,0,2,1,1,0,3,1,3,0,1,3,1,0,0,1,0,0.0,1,2,1,2,1,1,0,1,0,0,3,1,1,1,0,3,2,3,3,3,1,1,3.0,3,1,3,3,0,1,0,1,0,2,3,3,0,1,1,3,3,0,0,0,0,3,3,1,1,0,1,0,1,3,3,1,1,1,0,2,3,1,0,3,0,1,3,0,1,1,1,1,1,1,1,2,1,0,3,3,1,1,1,3,2,3,1,3,3,0,0,3,3,1,1,3,2,1,3,1,1,2,2,1,2,1,1,1,1,2,3,1,1,2,2,1,2,32,60,16,35,22.38,41.96,11.19,24.48,111,77.62,Femenino,18.0,54.55,22,66.67,14,42.42,12,36.36,14,42.42,15,45.45,16,48.48,21,63.64,15,45.45,13,39.39,12.0,36.36,CCSS,22.0,Ciencias Sociales
280,0,4,2,1,3,0,0,0,0,2,0,0,1,1,3,0,0,0,2,0,0,0,2,0,2,0,0,0,0.0,1,3,2,3,2,0,2,2,1,0,3,1,0,1,0,0,0,0,0,0,0,1,0.0,0,0,0,0,2,0,3,2,0,2,2,0,2,1,0,0,0,0,0,0,0,0,0,0,0,0,0,0,0,0,0,0,1,0,0,0,0,0,0,2,2,0,1,0,0,1,0,2,0,0,1,0,0,0,0,0,0,0,0,0,0,0,0,0,0,2,0,0,0,2,2,1,0,0,0,2,0,2,0,1,0,0,0,0,0,0,0,0,0,1,0,0,2,98,16,23,6,68.53,11.19,16.08,4.2,45,31.47,Femenino,2.0,6.06,4,12.12,10,30.3,6,18.18,9,27.27,4,12.12,2,6.06,8,24.24,6,18.18,6,18.18,5.0,15.15,CCNA,10.0,Ciencias Naturales
287,1,5,2,0,0,0,0,0,0,0,0,0,0,0,0,3,3,1,0,2,0,0,3,0,0,0,0,0,0.0,0,0,0,0,0,0,3,3,3,3,0,0,0,0,0,0,0,0,0,0,0,3,3.0,3,0,3,3,0,0,0,0,0,0,0,0,0,0,0,0,0,0,0,0,0,0,0,0,3,3,0,0,0,3,0,3,0,3,0,3,0,3,0,3,0,3,1,1,0,0,0,0,0,3,0,3,0,0,0,0,0,3,3,0,3,3,0,3,0,0,0,0,0,3,3,0,3,0,3,0,3,0,3,3,0,0,0,3,0,0,0,0,3,3,1,1,3,97,5,2,39,67.83,3.5,1.4,27.27,46,32.17,Masculino,11.0,33.33,10,30.3,5,15.15,12,36.36,5,15.15,6,18.18,3,9.09,15,45.45,9,27.27,21,63.64,13.0,39.39,LING,21.0,Lingüística
288,1,5,2,1,0,1,0,0,0,0,0,0,0,1,0,0,0,0,0,0,0,0,3,0,0,0,2,0,3.0,2,0,3,3,0,2,1,0,3,3,1,0,0,0,0,0,0,3,3,1,3,0,3.0,3,0,3,3,3,1,0,0,0,0,0,0,0,0,0,3,0,0,0,3,3,0,0,0,0,0,3,0,0,3,3,0,0,3,3,3,2,1,0,3,3,0,1,2,0,2,0,3,3,0,0,0,0,3,0,3,3,0,0,0,0,0,3,0,0,3,3,0,0,3,0,3,0,0,3,0,3,0,0,3,3,0,0,3,0,0,3,3,0,3,3,0,3,82,9,7,45,57.34,6.29,4.9,31.47,61,42.66,Masculino,14.0,42.42,13,39.39,14,42.42,8,24.24,11,33.33,9,27.27,14,42.42,17,51.52,8,24.24,10,30.3,9.0,27.27,HAA,17.0,Humanidades y Arquitectura
289,1,5,3,1,2,1,0,3,1,1,3,2,1,2,2,3,3,3,0,0,0,3,1,3,3,3,3,1,0.0,0,0,2,2,0,0,0,0,0,0,2,2,2,0,3,0,0,0,3,1,2,1,3.0,3,3,3,0,3,1,0,0,0,0,0,0,3,0,0,0,1,3,1,1,0,0,0,0,0,0,2,1,2,1,1,2,0,2,2,0,0,0,0,3,3,0,1,1,0,0,2,0,3,0,1,0,3,2,0,0,0,0,0,0,0,0,0,0,0,0,0,0,1,0,0,0,0,0,0,0,0,0,0,1,1,1,3,1,3,0,1,0,0,1,0,0,2,73,26,18,26,51.05,18.18,12.59,18.18,70,48.95,Masculino,14.0,42.42,9,27.27,19,57.58,8,24.24,6,18.18,7,21.21,10,30.3,6,18.18,8,24.24,8,24.24,10.0,30.3,CCNA,19.0,Ciencias Naturales
292,0,5,3,1,1,2,3,3,1,3,1,1,0,2,2,2,2,1,2,1,2,2,1,2,1,3,3,2,3.0,2,1,2,1,2,1,1,1,2,3,2,2,2,1,2,1,1,1,1,1,1,3,3.0,3,3,1,1,2,2,2,3,3,2,2,2,3,1,1,1,2,2,2,3,0,0,0,0,0,0,1,0,1,2,1,1,3,3,3,2,1,3,2,2,1,1,2,1,1,1,2,1,2,1,2,2,2,2,2,1,1,1,2,1,2,2,1,2,2,2,2,1,1,1,2,2,1,2,3,1,3,2,3,2,2,1,1,1,2,2,1,1,2,2,3,3,0,9,53,56,25,6.29,37.06,39.16,17.48,134,93.71,Femenino,19.0,57.58,16,48.48,14,42.42,17,51.52,21,63.64,20,60.61,17,51.52,18,54.55,13,39.39,21,63.64,23.0,69.7,JURI,23.0,Jurídico
294,1,5,1,1,1,1,1,2,2,1,2,2,2,1,1,1,2,3,2,2,1,3,1,2,1,1,1,1,1.0,2,1,1,1,2,1,1,3,2,2,1,2,1,2,1,1,1,2,2,2,1,1,2.0,1,1,1,2,1,2,1,2,1,2,1,2,1,2,1,1,2,1,2,1,2,1,2,1,2,1,2,1,1,2,1,2,1,2,2,2,1,2,1,2,3,1,1,1,1,1,1,1,1,1,1,1,1,1,2,2,2,2,2,2,2,2,1,2,2,2,2,1,1,1,2,1,2,1,2,1,2,1,2,2,1,2,1,1,2,2,1,2,1,3,0,1,2,1,76,61,5,0.7,53.15,42.66,3.5,142,99.3,Masculino,12.0,36.36,19,57.58,14,42.42,17,51.52,14,42.42,20,60.61,17,51.52,18,54.55,15,45.45,20,60.61,14.0,42.42,BURO,20.0,Burocracia/Administrativo
295,1,5,2,1,2,2,2,3,3,2,3,2,1,1,1,3,0,0,2,3,1,1,1,2,1,2,1,2,2.0,3,2,2,2,3,1,2,1,2,1,2,1,1,3,2,2,2,1,1,3,2,2,1.0,2,0,1,2,2,2,2,1,3,1,2,1,2,1,2,2,2,2,1,2,1,1,2,1,2,1,2,2,2,2,2,2,2,2,2,2,2,2,2,1,3,2,2,2,2,3,1,3,1,1,1,2,2,2,1,2,1,2,3,2,1,2,2,1,2,1,1,3,1,2,1,2,1,2,2,1,3,1,2,1,1,2,2,2,2,2,2,2,2,2,2,1,3,3,46,77,17,2.1,32.17,53.85,11.89,140,97.9,Masculino,20.0,60.61,20,60.61,19,57.58,20,60.61,25,75.76,18,54.55,20,60.61,20,60.61,19,57.58,19,57.58,17.0,51.52,ARTE,25.0,Artes
296,0,5,3,2,2,2,1,1,1,1,1,1,0,2,1,3,2,2,3,2,1,2,2,1,2,2,2,1,0.0,1,2,2,2,2,2,2,2,1,1,2,1,2,1,3,2,2,2,1,1,2,1,1.0,2,1,0,1,1,2,1,3,2,2,2,1,1,1,2,2,0,1,0,1,2,1,1,0,1,0,1,0,2,1,2,2,2,0,1,2,2,2,1,2,2,0,0,1,1,1,1,3,1,0,2,2,2,2,0,0,1,2,2,0,0,1,0,1,1,2,2,2,1,1,1,2,0,2,1,0,0,2,2,2,1,2,2,1,2,0,1,2,2,1,2,3,0,22,52,62,7,15.38,36.36,43.36,4.9,121,84.62,Femenino,15.0,45.45,11,33.33,18,54.55,18,54.55,18,54.55,12,36.36,16,48.48,16,48.48,12,36.36,13,39.39,13.0,39.39,CCNA,18.0,Ciencias Naturales
298,1,4,2,1,2,2,2,2,0,1,2,0,0,1,0,1,0,0,0,0,0,0,2,1,0,0,2,0,0.0,0,0,0,2,1,0,2,1,0,0,2,0,1,0,0,0,0,2,2,1,1,2,2.0,2,0,1,0,0,0,0,1,0,1,1,0,2,2,0,0,0,0,0,2,1,0,1,1,0,0,1,0,0,0,2,0,0,0,0,1,0,0,0,3,2,0,0,0,1,2,2,1,1,0,0,2,2,1,2,2,2,2,2,1,1,2,0,0,2,2,0,0,0,0,2,2,0,2,2,0,0,2,0,3,0,0,0,0,0,0,2,1,1,0,0,0,2,74,27,40,2,51.75,18.88,27.97,1.4,69,48.25,Masculino,7.0,21.21,3,9.09,6,18.18,7,21.21,12,36.36,10,30.3,8,24.24,15,45.45,8,24.24,2,6.06,10.0,30.3,HAA,15.0,Humanidades y Arquitectura
300,1,4,2,2,3,1,3,1,2,1,1,2,3,2,1,1,3,1,2,2,1,1,3,2,1,2,3,3,2.0,1,3,2,3,2,3,1,2,2,3,1,2,2,1,3,1,3,1,2,1,2,2,2.0,2,2,1,2,1,3,2,2,2,1,1,2,1,3,3,2,1,3,1,1,2,1,2,2,3,3,2,3,2,1,2,2,3,2,2,2,1,1,1,2,2,1,2,3,2,1,3,3,1,2,2,1,1,2,1,3,2,2,2,2,2,2,2,3,1,3,1,3,2,1,3,2,2,2,3,1,3,2,1,3,1,3,2,2,2,1,3,2,2,3,2,3,2,0,43,64,36,0.0,30.07,44.76,25.17,143,100.0,Masculino,18.0,54.55,21,63.64,24,72.73,21,63.64,24,72.73,19,57.58,23,69.7,19,57.58,18,54.55,24,72.73,21.0,63.64,CCNA,24.0,Ciencias Naturales
301,1,4,0,1,0,0,0,0,1,0,0,0,0,3,1,2,3,2,2,0,1,1,0,0,3,2,2,1,0.0,0,3,2,2,2,2,2,2,0,0,2,1,0,0,1,0,0,2,1,0,2,1,0.0,0,0,2,1,3,0,0,2,1,2,0,0,3,0,2,2,3,1,0,0,1,0,2,0,2,2,0,2,2,2,3,1,2,0,2,2,2,0,1,2,3,2,3,1,1,0,2,0,0,2,0,0,1,2,3,2,3,1,0,2,3,0,1,1,2,0,2,0,0,2,2,1,0,3,2,1,0,2,1,3,0,0,1,0,0,2,0,2,0,0,0,3,0,57,26,44,16,39.86,18.18,30.77,11.19,86,60.14,Masculino,13.0,39.39,15,45.45,20,60.61,9,27.27,5,15.15,14,42.42,14,42.42,12,36.36,10,30.3,7,21.21,12.0,36.36,CCNA,20.0,Ciencias Naturales
302,1,4,1,1,2,1,2,3,2,1,2,1,1,3,1,1,1,1,1,2,1,2,2,1,2,1,2,0,0.0,0,0,1,1,0,1,0,1,3,0,1,3,1,0,0,0,0,1,1,2,1,1,0.0,1,3,1,3,1,1,1,1,2,2,1,1,1,1,1,0,1,0,0,0,0,0,0,0,1,1,1,0,1,1,2,2,1,3,3,3,3,3,3,3,3,1,3,1,1,2,1,3,1,3,1,1,1,1,3,3,3,3,3,3,3,0,1,1,1,1,1,1,1,2,2,1,2,1,1,1,1,1,2,1,1,1,2,2,3,3,1,0,1,0,2,2,3,24,69,23,27,16.78,48.25,16.08,18.88,119,83.22,Masculino,11.0,33.33,15,45.45,14,42.42,14,42.42,16,48.48,18,54.55,19,57.58,12,36.36,15,45.45,15,45.45,12.0,36.36,CCEP,19.0,Ciencias Económico-Políticas
303,1,4,0,1,1,0,1,1,3,3,2,1,0,1,1,1,2,0,2,1,0,0,2,2,1,1,2,1,2.0,2,2,2,2,0,2,3,3,0,0,1,1,3,1,1,0,1,0,2,1,2,0,0.0,1,0,0,0,0,0,1,2,2,2,2,2,2,1,0,0,0,1,0,1,0,0,0,0,0,0,2,0,0,0,0,0,1,0,0,0,1,0,0,2,0,0,1,0,0,0,0,0,0,0,0,2,2,0,1,1,0,0,2,0,0,0,0,0,0,2,0,0,0,2,2,1,0,0,0,2,0,0,0,1,1,1,0,0,0,0,0,0,1,1,0,1,2,73,35,30,5,51.05,24.48,20.98,3.5,70,48.95,Masculino,8.0,24.24,9,27.27,7,21.21,6,18.18,11,33.33,3,9.09,9,27.27,11,33.33,15,45.45,5,15.15,5.0,15.15,FINA,15.0,Finanzas
306,1,4,0,1,3,3,1,1,2,1,1,1,2,1,2,1,1,3,1,2,1,2,1,2,1,2,1,2,1.0,1,1,2,2,1,1,1,2,1,2,1,2,1,0,1,2,0,1,1,0,1,3,1.0,1,3,1,1,1,1,1,1,1,1,2,2,1,1,1,1,2,1,1,2,1,2,1,1,1,3,2,1,2,1,2,1,2,1,1,1,2,2,2,2,1,1,1,2,1,2,1,1,1,1,2,1,2,1,1,2,1,2,1,2,1,2,1,1,2,2,1,1,1,2,1,2,1,2,1,2,1,3,3,1,2,1,2,1,2,2,2,2,2,2,1,1,1,4,82,49,8,2.8,57.34,34.27,5.59,139,97.2,Masculino,12.0,36.36,12,36.36,19,57.58,16,48.48,17,51.52,13,39.39,16,48.48,12,36.36,17,51.52,17,51.52,20.0,60.61,JURI,20.0,Jurídico
308,1,4,2,1,1,1,2,2,2,3,3,1,2,2,2,1,2,1,3,1,3,3,1,1,1,3,2,2,2.0,2,2,1,1,1,3,2,3,3,1,1,1,1,2,2,1,3,3,1,1,2,1,2.0,1,1,2,2,3,1,1,1,2,1,2,1,2,2,2,3,2,1,2,2,1,1,1,1,1,2,2,2,2,2,1,1,3,2,1,2,2,1,2,1,1,2,2,2,2,1,1,1,1,2,3,1,2,1,1,2,1,2,1,1,1,2,1,1,2,1,3,1,3,3,2,2,1,1,1,2,2,1,2,1,1,1,1,1,2,2,2,3,2,2,1,1,1,0,67,57,19,0.0,46.85,39.86,13.29,143,100.0,Masculino,18.0,54.55,21,63.64,18,54.55,17,51.52,19,57.58,18,54.55,18,54.55,18,54.55,21,63.64,17,51.52,19.0,57.58,CCSS,21.0,Ciencias Sociales
309,1,5,1,3,3,1,1,1,0,1,1,2,1,2,1,2,1,1,1,1,1,1,1,2,3,3,0,0,3.0,1,3,3,0,0,2,3,0,3,3,0,3,0,3,3,0,3,0,3,0,3,0,3.0,0,3,3,3,3,3,3,3,0,0,3,0,3,0,3,3,3,3,3,3,3,3,3,3,3,3,3,3,3,3,3,3,3,3,3,3,3,3,3,3,3,3,3,3,3,3,3,3,3,3,3,3,3,3,3,3,3,3,3,3,3,3,3,3,3,3,3,3,3,3,3,3,3,3,3,3,3,3,3,3,3,3,3,3,3,3,3,3,3,3,3,3,3,17,16,5,105,11.89,11.19,3.5,73.43,126,88.11,Masculino,27.0,81.82,29,87.88,31,93.94,26,78.79,26,78.79,23,69.7,24,72.73,23,69.7,27,81.82,26,78.79,31.0,93.94,CCNA,31.0,Ciencias Naturales
